Workbook
Name Student_code: Database_Unique_Code!$B$4
Name student_name: Database_Unique_Code!$C$4

Sheet Database_Unique_Code
P1: Attendance Data
J3: Students Assessment Marks | P3: =AVERAGEIF(P5:P999,">0") -> 0.78571429 | Q3: =AVERAGEIF(Q5:Q999,">0") -> 0.79397436 | R3: =AVERAGEIF(R5:R999,">0") -> 0.78362573 | S3: =AVERAGEIF(S5:S999,">0") -> 0.78956229 | T3: =AVERAGEIF(T5:T999,">0") -> 0.77692308 | U3: =AVERAGEIF(U5:U999,">0") -> 0.76148148 | V3: =AVERAGEIF(V5:V999,">0") -> 0.78746914 | W3: =AVERAGEIF(W5:W999,">0") -> 0.80148148 | ... Z3: =AVERAGEIF(Z5:Z999,">0") -> 0.72
A4: Sr. no | B4: Unique Code | C4: Name of student | D4: Std | E4: Gender | F4: Contact Number | G4: Favourite Hobby | H4: Year of Joining in Abhyasika | I4: Status | J4: July | K4: Aug | L4: sep | M4: Dec | N4: Jan | O4: Feb | P4: =Attendance_data!B4 -> 45809 | Q4: =Attendance_data!B34 -> 45839 | R4: =Attendance_data!B65 -> 45870 | S4: =Attendance_data!B96 -> 45901 | T4: =Attendance_data!B126 -> 45931 | U4: =Attendance_data!B157 -> 45962 | V4: =Attendance_data!B187 -> 45992 | W4: =Attendance_data!B240 -> 46023 | X4: =Attendance_data!B250 -> 46054 | Y4: =Attendance_data!B292 -> 46082 | Z4: =Attendance_data!B324 -> 46113 | AB4: Overall attendance
A5: =ROW()-4 -> 1 | B5: NMUD01 | C5: Tanishka chandrakant bordekar | D5: 7th | E5: Girl | F5: 8108416756 | G5: Singing | H5: 2018 | I5: Active | J5: 25 | K5: 23 | L5: 25 | M5: 26 | N5: 30 | O5: 24 | P5: {=IFERROR( COUNTIFS(Attendance_data!$B$4:$B$1000,P$4, INDIRECT("Attendance_data!" & ADDRESS(4, MATCH($B5, Attendance_data!$E$3:$BI$3, 0) + 4) & ":" & ADDRESS(1000, MATCH($B5, Attendance_data!$E$3:$BI$3, 0) + 4)), "P" ) / ( COUNTIFS( Attendance_data!$B$4:$B$1000,P$4, INDIRECT("Attendance_data!" & ADDRESS(4, MATCH($B5, Attendance_data!$E$3:$BI$3, 0) + 4) & ":" & ADDRESS(1000, MATCH($B5, Attendance_data!$E$3:$BI$3, 0) + 4)), "P" ) + COUNTIFS( Attendance_data!$B$4:$B$1000,P$4, INDIRECT("Attendance_data!" & ADDRESS(4, MATCH($B5, Attendance_data!$E$3:$BI$3, 0) + 4) & ":" & ADDRESS(1000, MATCH($B5, Attendance_data!$E$3:$BI$3, 0) + 4)), "A" ) ),"")} -> 0.095238095 | Q5: {=IFERROR( COUNTIFS(Attendance_data!$B$4:$B$1000,Q$4, INDIRECT("Attendance_data!" & ADDRESS(4, MATCH($B5, Attendance_data!$E$3:$BI$3, 0) + 4) & ":" & ADDRESS(1000, MATCH($B5, Attendance_data!$E$3:$BI$3, 0) + 4)), "P" ) / ( COUNTIFS( Attendance_data!$B$4:$B$1000,Q$4, INDIRECT("Attendance_data!" & ADDRESS(4, MATCH($B5, Attendance_data!$E$3:$BI$3, 0) + 4) & ":" & ADDRESS(1000, MATCH($B5, Attendance_data!$E$3:$BI$3, 0) + 4)), "P" ) + COUNTIFS( Attendance_data!$B$4:$B$1000,Q$4, INDIRECT("Attendance_data!" & ADDRESS(4, MATCH($B5, Attendance_data!$E$3:$BI$3, 0) + 4) & ":" & ADDRESS(1000, MATCH($B5, Attendance_data!$E$3:$BI$3, 0) + 4)), "A" ) ),"")} -> 0.23076923 | R5: {=IFERROR( COUNTIFS(Attendance_data!$B$4:$B$1000,R$4, INDIRECT("Attendance_data!" & ADDRESS(4, MATCH($B5, Attendance_data!$E$3:$BI$3, 0) + 4) & ":" & ADDRESS(1000, MATCH($B5, Attendance_data!$E$3:$BI$3, 0) + 4)), "P" ) / ( COUNTIFS( Attendance_data!$B$4:$B$1000,R$4, INDIRECT("Attendance_data!" & ADDRESS(4, MATCH($B5, Attendance_data!$E$3:$BI$3, 0) + 4) & ":" & ADDRESS(1000, MATCH($B5, Attendance_data!$E$3:$BI$3, 0) + 4)), "P" ) + COUNTIFS( Attendance_data!$B$4:$B$1000,R$4, INDIRECT("Attendance_data!" & ADDRESS(4, MATCH($B5, Attendance_data!$E$3:$BI$3, 0) + 4) & ":" & ADDRESS(1000, MATCH($B5, Attendance_data!$E$3:$BI$3, 0) + 4)), "A" ) ),"")} -> 0.26315789 | S5: {=IFERROR( COUNTIFS(Attendance_data!$B$4:$B$1000,S$4, INDIRECT("Attendance_data!" & ADDRESS(4, MATCH($B5, Attendance_data!$E$3:$BI$3, 0) + 4) & ":" & ADDRESS(1000, MATCH($B5, Attendance_data!$E$3:$BI$3, 0) + 4)), "P" ) / ( COUNTIFS( Attendance_data!$B$4:$B$1000,S$4, INDIRECT("Attendance_data!" & ADDRESS(4, MATCH($B5, Attendance_data!$E$3:$BI$3, 0) + 4) & ":" & ADDRESS(1000, MATCH($B5, Attendance_data!$E$3:$BI$3, 0) + 4)), "P" ) + COUNTIFS( Attendance_data!$B$4:$B$1000,S$4, INDIRECT("Attendance_data!" & ADDRESS(4, MATCH($B5, Attendance_data!$E$3:$BI$3, 0) + 4) & ":" & ADDRESS(1000, MATCH($B5, Attendance_data!$E$3:$BI$3, 0) + 4)), "A" ) ),"")} -> 0.045454545 | T5: {=IFERROR( COUNTIFS(Attendance_data!$B$4:$B$1000,T$4, INDIRECT("Attendance_data!" & ADDRESS(4, MATCH($B5, Attendance_data!$E$3:$BI$3, 0) + 4) & ":" & ADDRESS(1000, MATCH($B5, Attendance_data!$E$3:$BI$3, 0) + 4)), "P" ) / ( COUNTIFS( Attendance_data!$B$4:$B$1000,T$4, INDIRECT("Attendance_data!" & ADDRESS(4, MATCH($B5, Attendance_data!$E$3:$BI$3, 0) + 4) & ":" & ADDRESS(1000, MATCH($B5, Attendance_data!$E$3:$BI$3, 0) + 4)), "P" ) + COUNTIFS( Attendance_data!$B$4:$B$1000,T$4, INDIRECT("Attendance_data!" & ADDRESS(4, MATCH($B5, Attendance_data!$E$3:$BI$3, 0) + 4) & ":" & ADDRESS(1000, MATCH($B5, Attendance_data!$E$3:$BI$3, 0) + 4)), "A" ) ),"")} -> 0.1 | U5: {=IFERROR( COUNTIFS(Attendance_data!$B$4:$B$1000,U$4, INDIRECT("Attendance_data!" & ADDRESS(4, MATCH($B5, Attendance_data!$E$3:$BI$3, 0) + 4) & ":" & ADDRESS(1000, MATCH($B5, Attendance_data!$E$3:$BI$3, 0) + 4)), "P" ) / ( COUNTIFS( Attendance_data!$B$4:$B$1000,U$4, INDIRECT("Attendance_data!" & ADDRESS(4, MATCH($B5, Attendance_data!$E$3:$BI$3, 0) + 4) & ":" & ADDRESS(1000, MATCH($B5, Attendance_data!$E$3:$BI$3, 0) + 4)), "P" ) + COUNTIFS( Attendance_data!$B$4:$B$1000,U$4, INDIRECT("Attendance_data!" & ADDRESS(4, MATCH($B5, Attendance_data!$E$3:$BI$3, 0) + 4) & ":" & ADDRESS(1000, MATCH($B5, Attendance_data!$E$3:$BI$3, 0) + 4)), "A" ) ),"")} -> 0.2 | V5: {=IFERROR( COUNTIFS(Attendance_data!$B$4:$B$1000,V$4, INDIRECT("Attendance_data!" & ADDRESS(4, MATCH($B5, Attendance_data!$E$3:$BI$3, 0) + 4) & ":" & ADDRESS(1000, MATCH($B5, Attendance_data!$E$3:$BI$3, 0) + 4)), "P" ) / ( COUNTIFS( Attendance_data!$B$4:$B$1000,V$4, INDIRECT("Attendance_data!" & ADDRESS(4, MATCH($B5, Attendance_data!$E$3:$BI$3, 0) + 4) & ":" & ADDRESS(1000, MATCH($B5, Attendance_data!$E$3:$BI$3, 0) + 4)), "P" ) + COUNTIFS( Attendance_data!$B$4:$B$1000,V$4, INDIRECT("Attendance_data!" & ADDRESS(4, MATCH($B5, Attendance_data!$E$3:$BI$3, 0) + 4) & ":" & ADDRESS(1000, MATCH($B5, Attendance_data!$E$3:$BI$3, 0) + 4)), "A" ) ),"")} -> 0.4 | W5: {=IFERROR( COUNTIFS(Attendance_data!$B$4:$B$1000,W$4, INDIRECT("Attendance_data!" & ADDRESS(4, MATCH($B5, Attendance_data!$E$3:$BI$3, 0) + 4) & ":" & ADDRESS(1000, MATCH($B5, Attendance_data!$E$3:$BI$3, 0) + 4)), "P" ) / ( COUNTIFS( Attendance_data!$B$4:$B$1000,W$4, INDIRECT("Attendance_data!" & ADDRESS(4, MATCH($B5, Attendance_data!$E$3:$BI$3, 0) + 4) & ":" & ADDRESS(1000, MATCH($B5, Attendance_data!$E$3:$BI$3, 0) + 4)), "P" ) + COUNTIFS( Attendance_data!$B$4:$B$1000,W$4, INDIRECT("Attendance_data!" & ADDRESS(4, MATCH($B5, Attendance_data!$E$3:$BI$3, 0) + 4) & ":" & ADDRESS(1000, MATCH($B5, Attendance_data!$E$3:$BI$3, 0) + 4)), "A" ) ),"")} -> 0.56 | ... AA5: {=IFERROR( COUNTIFS(Attendance_data!$B$4:$B$1000,AA$4, INDIRECT("Attendance_data!" & ADDRESS(4, MATCH($B5, Attendance_data!$E$3:$BI$3, 0) + 4) & ":" & ADDRESS(1000, MATCH($B5, Attendance_data!$E$3:$BI$3, 0) + 4)), "P" ) / ( COUNTIFS( Attendance_data!$B$4:$B$1000,AA$4, INDIRECT("Attendance_data!" & ADDRESS(4, MATCH($B5, Attendance_data!$E$3:$BI$3, 0) + 4) & ":" & ADDRESS(1000, MATCH($B5, Attendance_data!$E$3:$BI$3, 0) + 4)), "P" ) + COUNTIFS( Attendance_data!$B$4:$B$1000,AA$4, INDIRECT("Attendance_data!" & ADDRESS(4, MATCH($B5, Attendance_data!$E$3:$BI$3, 0) + 4) & ":" & ADDRESS(1000, MATCH($B5, Attendance_data!$E$3:$BI$3, 0) + 4)), "A" ) ),"")} | AB5: =AVERAGEIF(P5:Z5,">0") -> 0.2846119
A6: =ROW()-4 -> 2 | B6: NMUD02 | C6: Rashi vitthal sakharkar | D6: 8th | E6: Girl | F6: 9653608041 | G6: Drawing | H6: 2019 | I6: Active | J6: 25 | K6: 21 | L6: 22 | M6: 25 | N6: 24 | O6: 18 | P6: {=IFERROR( COUNTIFS(Attendance_data!$B$4:$B$1000,P$4, INDIRECT("Attendance_data!" & ADDRESS(4, MATCH($B6, Attendance_data!$E$3:$BI$3, 0) + 4) & ":" & ADDRESS(1000, MATCH($B6, Attendance_data!$E$3:$BI$3, 0) + 4)), "P" ) / ( COUNTIFS( Attendance_data!$B$4:$B$1000,P$4, INDIRECT("Attendance_data!" & ADDRESS(4, MATCH($B6, Attendance_data!$E$3:$BI$3, 0) + 4) & ":" & ADDRESS(1000, MATCH($B6, Attendance_data!$E$3:$BI$3, 0) + 4)), "P" ) + COUNTIFS( Attendance_data!$B$4:$B$1000,P$4, INDIRECT("Attendance_data!" & ADDRESS(4, MATCH($B6, Attendance_data!$E$3:$BI$3, 0) + 4) & ":" & ADDRESS(1000, MATCH($B6, Attendance_data!$E$3:$BI$3, 0) + 4)), "A" ) ),"")} -> 0.76190476 | Q6: {=IFERROR( COUNTIFS(Attendance_data!$B$4:$B$1000,Q$4, INDIRECT("Attendance_data!" & ADDRESS(4, MATCH($B6, Attendance_data!$E$3:$BI$3, 0) + 4) & ":" & ADDRESS(1000, MATCH($B6, Attendance_data!$E$3:$BI$3, 0) + 4)), "P" ) / ( COUNTIFS( Attendance_data!$B$4:$B$1000,Q$4, INDIRECT("Attendance_data!" & ADDRESS(4, MATCH($B6, Attendance_data!$E$3:$BI$3, 0) + 4) & ":" & ADDRESS(1000, MATCH($B6, Attendance_data!$E$3:$BI$3, 0) + 4)), "P" ) + COUNTIFS( Attendance_data!$B$4:$B$1000,Q$4, INDIRECT("Attendance_data!" & ADDRESS(4, MATCH($B6, Attendance_data!$E$3:$BI$3, 0) + 4) & ":" & ADDRESS(1000, MATCH($B6, Attendance_data!$E$3:$BI$3, 0) + 4)), "A" ) ),"")} -> 0.84615385 | R6: {=IFERROR( COUNTIFS(Attendance_data!$B$4:$B$1000,R$4, INDIRECT("Attendance_data!" & ADDRESS(4, MATCH($B6, Attendance_data!$E$3:$BI$3, 0) + 4) & ":" & ADDRESS(1000, MATCH($B6, Attendance_data!$E$3:$BI$3, 0) + 4)), "P" ) / ( COUNTIFS( Attendance_data!$B$4:$B$1000,R$4, INDIRECT("Attendance_data!" & ADDRESS(4, MATCH($B6, Attendance_data!$E$3:$BI$3, 0) + 4) & ":" & ADDRESS(1000, MATCH($B6, Attendance_data!$E$3:$BI$3, 0) + 4)), "P" ) + COUNTIFS( Attendance_data!$B$4:$B$1000,R$4, INDIRECT("Attendance_data!" & ADDRESS(4, MATCH($B6, Attendance_data!$E$3:$BI$3, 0) + 4) & ":" & ADDRESS(1000, MATCH($B6, Attendance_data!$E$3:$BI$3, 0) + 4)), "A" ) ),"")} -> 0.94736842 | S6: {=IFERROR( COUNTIFS(Attendance_data!$B$4:$B$1000,S$4, INDIRECT("Attendance_data!" & ADDRESS(4, MATCH($B6, Attendance_data!$E$3:$BI$3, 0) + 4) & ":" & ADDRESS(1000, MATCH($B6, Attendance_data!$E$3:$BI$3, 0) + 4)), "P" ) / ( COUNTIFS( Attendance_data!$B$4:$B$1000,S$4, INDIRECT("Attendance_data!" & ADDRESS(4, MATCH($B6, Attendance_data!$E$3:$BI$3, 0) + 4) & ":" & ADDRESS(1000, MATCH($B6, Attendance_data!$E$3:$BI$3, 0) + 4)), "P" ) + COUNTIFS( Attendance_data!$B$4:$B$1000,S$4, INDIRECT("Attendance_data!" & ADDRESS(4, MATCH($B6, Attendance_data!$E$3:$BI$3, 0) + 4) & ":" & ADDRESS(1000, MATCH($B6, Attendance_data!$E$3:$BI$3, 0) + 4)), "A" ) ),"")} -> 0.95454545 | T6: {=IFERROR( COUNTIFS(Attendance_data!$B$4:$B$1000,T$4, INDIRECT("Attendance_data!" & ADDRESS(4, MATCH($B6, Attendance_data!$E$3:$BI$3, 0) + 4) & ":" & ADDRESS(1000, MATCH($B6, Attendance_data!$E$3:$BI$3, 0) + 4)), "P" ) / ( COUNTIFS( Attendance_data!$B$4:$B$1000,T$4, INDIRECT("Attendance_data!" & ADDRESS(4, MATCH($B6, Attendance_data!$E$3:$BI$3, 0) + 4) & ":" & ADDRESS(1000, MATCH($B6, Attendance_data!$E$3:$BI$3, 0) + 4)), "P" ) + COUNTIFS( Attendance_data!$B$4:$B$1000,T$4, INDIRECT("Attendance_data!" & ADDRESS(4, MATCH($B6, Attendance_data!$E$3:$BI$3, 0) + 4) & ":" & ADDRESS(1000, MATCH($B6, Attendance_data!$E$3:$BI$3, 0) + 4)), "A" ) ),"")} -> 0.7 | U6: {=IFERROR( COUNTIFS(Attendance_data!$B$4:$B$1000,U$4, INDIRECT("Attendance_data!" & ADDRESS(4, MATCH($B6, Attendance_data!$E$3:$BI$3, 0) + 4) & ":" & ADDRESS(1000, MATCH($B6, Attendance_data!$E$3:$BI$3, 0) + 4)), "P" ) / ( COUNTIFS( Attendance_data!$B$4:$B$1000,U$4, INDIRECT("Attendance_data!" & ADDRESS(4, MATCH($B6, Attendance_data!$E$3:$BI$3, 0) + 4) & ":" & ADDRESS(1000, MATCH($B6, Attendance_data!$E$3:$BI$3, 0) + 4)), "P" ) + COUNTIFS( Attendance_data!$B$4:$B$1000,U$4, INDIRECT("Attendance_data!" & ADDRESS(4, MATCH($B6, Attendance_data!$E$3:$BI$3, 0) + 4) & ":" & ADDRESS(1000, MATCH($B6, Attendance_data!$E$3:$BI$3, 0) + 4)), "A" ) ),"")} -> 0.84 | V6: {=IFERROR( COUNTIFS(Attendance_data!$B$4:$B$1000,V$4, INDIRECT("Attendance_data!" & ADDRESS(4, MATCH($B6, Attendance_data!$E$3:$BI$3, 0) + 4) & ":" & ADDRESS(1000, MATCH($B6, Attendance_data!$E$3:$BI$3, 0) + 4)), "P" ) / ( COUNTIFS( Attendance_data!$B$4:$B$1000,V$4, INDIRECT("Attendance_data!" & ADDRESS(4, MATCH($B6, Attendance_data!$E$3:$BI$3, 0) + 4) & ":" & ADDRESS(1000, MATCH($B6, Attendance_data!$E$3:$BI$3, 0) + 4)), "P" ) + COUNTIFS( Attendance_data!$B$4:$B$1000,V$4, INDIRECT("Attendance_data!" & ADDRESS(4, MATCH($B6, Attendance_data!$E$3:$BI$3, 0) + 4) & ":" & ADDRESS(1000, MATCH($B6, Attendance_data!$E$3:$BI$3, 0) + 4)), "A" ) ),"")} -> 0.92 | W6: {=IFERROR( COUNTIFS(Attendance_data!$B$4:$B$1000,W$4, INDIRECT("Attendance_data!" & ADDRESS(4, MATCH($B6, Attendance_data!$E$3:$BI$3, 0) + 4) & ":" & ADDRESS(1000, MATCH($B6, Attendance_data!$E$3:$BI$3, 0) + 4)), "P" ) / ( COUNTIFS( Attendance_data!$B$4:$B$1000,W$4, INDIRECT("Attendance_data!" & ADDRESS(4, MATCH($B6, Attendance_data!$E$3:$BI$3, 0) + 4) & ":" & ADDRESS(1000, MATCH($B6, Attendance_data!$E$3:$BI$3, 0) + 4)), "P" ) + COUNTIFS( Attendance_data!$B$4:$B$1000,W$4, INDIRECT("Attendance_data!" & ADDRESS(4, MATCH($B6, Attendance_data!$E$3:$BI$3, 0) + 4) & ":" & ADDRESS(1000, MATCH($B6, Attendance_data!$E$3:$BI$3, 0) + 4)), "A" ) ),"")} -> 0.96 | ... AA6: {=IFERROR( COUNTIFS(Attendance_data!$B$4:$B$1000,AA$4, INDIRECT("Attendance_data!" & ADDRESS(4, MATCH($B6, Attendance_data!$E$3:$BI$3, 0) + 4) & ":" & ADDRESS(1000, MATCH($B6, Attendance_data!$E$3:$BI$3, 0) + 4)), "P" ) / ( COUNTIFS( Attendance_data!$B$4:$B$1000,AA$4, INDIRECT("Attendance_data!" & ADDRESS(4, MATCH($B6, Attendance_data!$E$3:$BI$3, 0) + 4) & ":" & ADDRESS(1000, MATCH($B6, Attendance_data!$E$3:$BI$3, 0) + 4)), "P" ) + COUNTIFS( Attendance_data!$B$4:$B$1000,AA$4, INDIRECT("Attendance_data!" & ADDRESS(4, MATCH($B6, Attendance_data!$E$3:$BI$3, 0) + 4) & ":" & ADDRESS(1000, MATCH($B6, Attendance_data!$E$3:$BI$3, 0) + 4)), "A" ) ),"")} | AB6: =AVERAGEIF(P6:Z6,">0") -> 0.86484598
A7: =ROW()-4 -> 3 | B7: NMUD05 | C7: Rakhi vitthal sakharkar | D7: 10th | E7: Girl | F7: 9324299943 | G7: Dance | H7: 2018 | I7: Active | J7: 24 | K7: 19 | L7: 28 | M7: 17 | N7: 26 | O7: NA | P7: {=IFERROR( COUNTIFS(Attendance_data!$B$4:$B$1000,P$4, INDIRECT("Attendance_data!" & ADDRESS(4, MATCH($B7, Attendance_data!$E$3:$BI$3, 0) + 4) & ":" & ADDRESS(1000, MATCH($B7, Attendance_data!$E$3:$BI$3, 0) + 4)), "P" ) / ( COUNTIFS( Attendance_data!$B$4:$B$1000,P$4, INDIRECT("Attendance_data!" & ADDRESS(4, MATCH($B7, Attendance_data!$E$3:$BI$3, 0) + 4) & ":" & ADDRESS(1000, MATCH($B7, Attendance_data!$E$3:$BI$3, 0) + 4)), "P" ) + COUNTIFS( Attendance_data!$B$4:$B$1000,P$4, INDIRECT("Attendance_data!" & ADDRESS(4, MATCH($B7, Attendance_data!$E$3:$BI$3, 0) + 4) & ":" & ADDRESS(1000, MATCH($B7, Attendance_data!$E$3:$BI$3, 0) + 4)), "A" ) ),"")} -> 1 | Q7: {=IFERROR( COUNTIFS(Attendance_data!$B$4:$B$1000,Q$4, INDIRECT("Attendance_data!" & ADDRESS(4, MATCH($B7, Attendance_data!$E$3:$BI$3, 0) + 4) & ":" & ADDRESS(1000, MATCH($B7, Attendance_data!$E$3:$BI$3, 0) + 4)), "P" ) / ( COUNTIFS( Attendance_data!$B$4:$B$1000,Q$4, INDIRECT("Attendance_data!" & ADDRESS(4, MATCH($B7, Attendance_data!$E$3:$BI$3, 0) + 4) & ":" & ADDRESS(1000, MATCH($B7, Attendance_data!$E$3:$BI$3, 0) + 4)), "P" ) + COUNTIFS( Attendance_data!$B$4:$B$1000,Q$4, INDIRECT("Attendance_data!" & ADDRESS(4, MATCH($B7, Attendance_data!$E$3:$BI$3, 0) + 4) & ":" & ADDRESS(1000, MATCH($B7, Attendance_data!$E$3:$BI$3, 0) + 4)), "A" ) ),"")} -> 0.69230769 | R7: {=IFERROR( COUNTIFS(Attendance_data!$B$4:$B$1000,R$4, INDIRECT("Attendance_data!" & ADDRESS(4, MATCH($B7, Attendance_data!$E$3:$BI$3, 0) + 4) & ":" & ADDRESS(1000, MATCH($B7, Attendance_data!$E$3:$BI$3, 0) + 4)), "P" ) / ( COUNTIFS( Attendance_data!$B$4:$B$1000,R$4, INDIRECT("Attendance_data!" & ADDRESS(4, MATCH($B7, Attendance_data!$E$3:$BI$3, 0) + 4) & ":" & ADDRESS(1000, MATCH($B7, Attendance_data!$E$3:$BI$3, 0) + 4)), "P" ) + COUNTIFS( Attendance_data!$B$4:$B$1000,R$4, INDIRECT("Attendance_data!" & ADDRESS(4, MATCH($B7, Attendance_data!$E$3:$BI$3, 0) + 4) & ":" & ADDRESS(1000, MATCH($B7, Attendance_data!$E$3:$BI$3, 0) + 4)), "A" ) ),"")} -> 0.89473684 | S7: {=IFERROR( COUNTIFS(Attendance_data!$B$4:$B$1000,S$4, INDIRECT("Attendance_data!" & ADDRESS(4, MATCH($B7, Attendance_data!$E$3:$BI$3, 0) + 4) & ":" & ADDRESS(1000, MATCH($B7, Attendance_data!$E$3:$BI$3, 0) + 4)), "P" ) / ( COUNTIFS( Attendance_data!$B$4:$B$1000,S$4, INDIRECT("Attendance_data!" & ADDRESS(4, MATCH($B7, Attendance_data!$E$3:$BI$3, 0) + 4) & ":" & ADDRESS(1000, MATCH($B7, Attendance_data!$E$3:$BI$3, 0) + 4)), "P" ) + COUNTIFS( Attendance_data!$B$4:$B$1000,S$4, INDIRECT("Attendance_data!" & ADDRESS(4, MATCH($B7, Attendance_data!$E$3:$BI$3, 0) + 4) & ":" & ADDRESS(1000, MATCH($B7, Attendance_data!$E$3:$BI$3, 0) + 4)), "A" ) ),"")} -> 0.77272727 | T7: {=IFERROR( COUNTIFS(Attendance_data!$B$4:$B$1000,T$4, INDIRECT("Attendance_data!" & ADDRESS(4, MATCH($B7, Attendance_data!$E$3:$BI$3, 0) + 4) & ":" & ADDRESS(1000, MATCH($B7, Attendance_data!$E$3:$BI$3, 0) + 4)), "P" ) / ( COUNTIFS( Attendance_data!$B$4:$B$1000,T$4, INDIRECT("Attendance_data!" & ADDRESS(4, MATCH($B7, Attendance_data!$E$3:$BI$3, 0) + 4) & ":" & ADDRESS(1000, MATCH($B7, Attendance_data!$E$3:$BI$3, 0) + 4)), "P" ) + COUNTIFS( Attendance_data!$B$4:$B$1000,T$4, INDIRECT("Attendance_data!" & ADDRESS(4, MATCH($B7, Attendance_data!$E$3:$BI$3, 0) + 4) & ":" & ADDRESS(1000, MATCH($B7, Attendance_data!$E$3:$BI$3, 0) + 4)), "A" ) ),"")} -> 0.75 | U7: {=IFERROR( COUNTIFS(Attendance_data!$B$4:$B$1000,U$4, INDIRECT("Attendance_data!" & ADDRESS(4, MATCH($B7, Attendance_data!$E$3:$BI$3, 0) + 4) & ":" & ADDRESS(1000, MATCH($B7, Attendance_data!$E$3:$BI$3, 0) + 4)), "P" ) / ( COUNTIFS( Attendance_data!$B$4:$B$1000,U$4, INDIRECT("Attendance_data!" & ADDRESS(4, MATCH($B7, Attendance_data!$E$3:$BI$3, 0) + 4) & ":" & ADDRESS(1000, MATCH($B7, Attendance_data!$E$3:$BI$3, 0) + 4)), "P" ) + COUNTIFS( Attendance_data!$B$4:$B$1000,U$4, INDIRECT("Attendance_data!" & ADDRESS(4, MATCH($B7, Attendance_data!$E$3:$BI$3, 0) + 4) & ":" & ADDRESS(1000, MATCH($B7, Attendance_data!$E$3:$BI$3, 0) + 4)), "A" ) ),"")} -> 0.84 | V7: {=IFERROR( COUNTIFS(Attendance_data!$B$4:$B$1000,V$4, INDIRECT("Attendance_data!" & ADDRESS(4, MATCH($B7, Attendance_data!$E$3:$BI$3, 0) + 4) & ":" & ADDRESS(1000, MATCH($B7, Attendance_data!$E$3:$BI$3, 0) + 4)), "P" ) / ( COUNTIFS( Attendance_data!$B$4:$B$1000,V$4, INDIRECT("Attendance_data!" & ADDRESS(4, MATCH($B7, Attendance_data!$E$3:$BI$3, 0) + 4) & ":" & ADDRESS(1000, MATCH($B7, Attendance_data!$E$3:$BI$3, 0) + 4)), "P" ) + COUNTIFS( Attendance_data!$B$4:$B$1000,V$4, INDIRECT("Attendance_data!" & ADDRESS(4, MATCH($B7, Attendance_data!$E$3:$BI$3, 0) + 4) & ":" & ADDRESS(1000, MATCH($B7, Attendance_data!$E$3:$BI$3, 0) + 4)), "A" ) ),"")} -> 0.88 | W7: {=IFERROR( COUNTIFS(Attendance_data!$B$4:$B$1000,W$4, INDIRECT("Attendance_data!" & ADDRESS(4, MATCH($B7, Attendance_data!$E$3:$BI$3, 0) + 4) & ":" & ADDRESS(1000, MATCH($B7, Attendance_data!$E$3:$BI$3, 0) + 4)), "P" ) / ( COUNTIFS( Attendance_data!$B$4:$B$1000,W$4, INDIRECT("Attendance_data!" & ADDRESS(4, MATCH($B7, Attendance_data!$E$3:$BI$3, 0) + 4) & ":" & ADDRESS(1000, MATCH($B7, Attendance_data!$E$3:$BI$3, 0) + 4)), "P" ) + COUNTIFS( Attendance_data!$B$4:$B$1000,W$4, INDIRECT("Attendance_data!" & ADDRESS(4, MATCH($B7, Attendance_data!$E$3:$BI$3, 0) + 4) & ":" & ADDRESS(1000, MATCH($B7, Attendance_data!$E$3:$BI$3, 0) + 4)), "A" ) ),"")} -> 0.92 | ... AA7: {=IFERROR( COUNTIFS(Attendance_data!$B$4:$B$1000,AA$4, INDIRECT("Attendance_data!" & ADDRESS(4, MATCH($B7, Attendance_data!$E$3:$BI$3, 0) + 4) & ":" & ADDRESS(1000, MATCH($B7, Attendance_data!$E$3:$BI$3, 0) + 4)), "P" ) / ( COUNTIFS( Attendance_data!$B$4:$B$1000,AA$4, INDIRECT("Attendance_data!" & ADDRESS(4, MATCH($B7, Attendance_data!$E$3:$BI$3, 0) + 4) & ":" & ADDRESS(1000, MATCH($B7, Attendance_data!$E$3:$BI$3, 0) + 4)), "P" ) + COUNTIFS( Attendance_data!$B$4:$B$1000,AA$4, INDIRECT("Attendance_data!" & ADDRESS(4, MATCH($B7, Attendance_data!$E$3:$BI$3, 0) + 4) & ":" & ADDRESS(1000, MATCH($B7, Attendance_data!$E$3:$BI$3, 0) + 4)), "A" ) ),"")} | AB7: =AVERAGEIF(P7:Z7,">0") -> 0.78271528
A8: =ROW()-4 -> 4 | B8: NMUD06 | C8: Ankita Ravindra Roy | D8: 10th | E8: Girl | F8: 9076021738 | G8: Reading and Writing | H8: 2016 | I8: Active | J8: 26 | K8: 23 | L8: 27 | M8: 27 | N8: 28 | O8: NA | P8: {=IFERROR( COUNTIFS(Attendance_data!$B$4:$B$1000,P$4, INDIRECT("Attendance_data!" & ADDRESS(4, MATCH($B8, Attendance_data!$E$3:$BI$3, 0) + 4) & ":" & ADDRESS(1000, MATCH($B8, Attendance_data!$E$3:$BI$3, 0) + 4)), "P" ) / ( COUNTIFS( Attendance_data!$B$4:$B$1000,P$4, INDIRECT("Attendance_data!" & ADDRESS(4, MATCH($B8, Attendance_data!$E$3:$BI$3, 0) + 4) & ":" & ADDRESS(1000, MATCH($B8, Attendance_data!$E$3:$BI$3, 0) + 4)), "P" ) + COUNTIFS( Attendance_data!$B$4:$B$1000,P$4, INDIRECT("Attendance_data!" & ADDRESS(4, MATCH($B8, Attendance_data!$E$3:$BI$3, 0) + 4) & ":" & ADDRESS(1000, MATCH($B8, Attendance_data!$E$3:$BI$3, 0) + 4)), "A" ) ),"")} -> 0.85714286 | Q8: {=IFERROR( COUNTIFS(Attendance_data!$B$4:$B$1000,Q$4, INDIRECT("Attendance_data!" & ADDRESS(4, MATCH($B8, Attendance_data!$E$3:$BI$3, 0) + 4) & ":" & ADDRESS(1000, MATCH($B8, Attendance_data!$E$3:$BI$3, 0) + 4)), "P" ) / ( COUNTIFS( Attendance_data!$B$4:$B$1000,Q$4, INDIRECT("Attendance_data!" & ADDRESS(4, MATCH($B8, Attendance_data!$E$3:$BI$3, 0) + 4) & ":" & ADDRESS(1000, MATCH($B8, Attendance_data!$E$3:$BI$3, 0) + 4)), "P" ) + COUNTIFS( Attendance_data!$B$4:$B$1000,Q$4, INDIRECT("Attendance_data!" & ADDRESS(4, MATCH($B8, Attendance_data!$E$3:$BI$3, 0) + 4) & ":" & ADDRESS(1000, MATCH($B8, Attendance_data!$E$3:$BI$3, 0) + 4)), "A" ) ),"")} -> 0.46153846 | R8: {=IFERROR( COUNTIFS(Attendance_data!$B$4:$B$1000,R$4, INDIRECT("Attendance_data!" & ADDRESS(4, MATCH($B8, Attendance_data!$E$3:$BI$3, 0) + 4) & ":" & ADDRESS(1000, MATCH($B8, Attendance_data!$E$3:$BI$3, 0) + 4)), "P" ) / ( COUNTIFS( Attendance_data!$B$4:$B$1000,R$4, INDIRECT("Attendance_data!" & ADDRESS(4, MATCH($B8, Attendance_data!$E$3:$BI$3, 0) + 4) & ":" & ADDRESS(1000, MATCH($B8, Attendance_data!$E$3:$BI$3, 0) + 4)), "P" ) + COUNTIFS( Attendance_data!$B$4:$B$1000,R$4, INDIRECT("Attendance_data!" & ADDRESS(4, MATCH($B8, Attendance_data!$E$3:$BI$3, 0) + 4) & ":" & ADDRESS(1000, MATCH($B8, Attendance_data!$E$3:$BI$3, 0) + 4)), "A" ) ),"")} -> 0.47368421 | S8: {=IFERROR( COUNTIFS(Attendance_data!$B$4:$B$1000,S$4, INDIRECT("Attendance_data!" & ADDRESS(4, MATCH($B8, Attendance_data!$E$3:$BI$3, 0) + 4) & ":" & ADDRESS(1000, MATCH($B8, Attendance_data!$E$3:$BI$3, 0) + 4)), "P" ) / ( COUNTIFS( Attendance_data!$B$4:$B$1000,S$4, INDIRECT("Attendance_data!" & ADDRESS(4, MATCH($B8, Attendance_data!$E$3:$BI$3, 0) + 4) & ":" & ADDRESS(1000, MATCH($B8, Attendance_data!$E$3:$BI$3, 0) + 4)), "P" ) + COUNTIFS( Attendance_data!$B$4:$B$1000,S$4, INDIRECT("Attendance_data!" & ADDRESS(4, MATCH($B8, Attendance_data!$E$3:$BI$3, 0) + 4) & ":" & ADDRESS(1000, MATCH($B8, Attendance_data!$E$3:$BI$3, 0) + 4)), "A" ) ),"")} -> 0.68181818 | T8: {=IFERROR( COUNTIFS(Attendance_data!$B$4:$B$1000,T$4, INDIRECT("Attendance_data!" & ADDRESS(4, MATCH($B8, Attendance_data!$E$3:$BI$3, 0) + 4) & ":" & ADDRESS(1000, MATCH($B8, Attendance_data!$E$3:$BI$3, 0) + 4)), "P" ) / ( COUNTIFS( Attendance_data!$B$4:$B$1000,T$4, INDIRECT("Attendance_data!" & ADDRESS(4, MATCH($B8, Attendance_data!$E$3:$BI$3, 0) + 4) & ":" & ADDRESS(1000, MATCH($B8, Attendance_data!$E$3:$BI$3, 0) + 4)), "P" ) + COUNTIFS( Attendance_data!$B$4:$B$1000,T$4, INDIRECT("Attendance_data!" & ADDRESS(4, MATCH($B8, Attendance_data!$E$3:$BI$3, 0) + 4) & ":" & ADDRESS(1000, MATCH($B8, Attendance_data!$E$3:$BI$3, 0) + 4)), "A" ) ),"")} -> 0.8 | U8: {=IFERROR( COUNTIFS(Attendance_data!$B$4:$B$1000,U$4, INDIRECT("Attendance_data!" & ADDRESS(4, MATCH($B8, Attendance_data!$E$3:$BI$3, 0) + 4) & ":" & ADDRESS(1000, MATCH($B8, Attendance_data!$E$3:$BI$3, 0) + 4)), "P" ) / ( COUNTIFS( Attendance_data!$B$4:$B$1000,U$4, INDIRECT("Attendance_data!" & ADDRESS(4, MATCH($B8, Attendance_data!$E$3:$BI$3, 0) + 4) & ":" & ADDRESS(1000, MATCH($B8, Attendance_data!$E$3:$BI$3, 0) + 4)), "P" ) + COUNTIFS( Attendance_data!$B$4:$B$1000,U$4, INDIRECT("Attendance_data!" & ADDRESS(4, MATCH($B8, Attendance_data!$E$3:$BI$3, 0) + 4) & ":" & ADDRESS(1000, MATCH($B8, Attendance_data!$E$3:$BI$3, 0) + 4)), "A" ) ),"")} -> 0.64 | V8: {=IFERROR( COUNTIFS(Attendance_data!$B$4:$B$1000,V$4, INDIRECT("Attendance_data!" & ADDRESS(4, MATCH($B8, Attendance_data!$E$3:$BI$3, 0) + 4) & ":" & ADDRESS(1000, MATCH($B8, Attendance_data!$E$3:$BI$3, 0) + 4)), "P" ) / ( COUNTIFS( Attendance_data!$B$4:$B$1000,V$4, INDIRECT("Attendance_data!" & ADDRESS(4, MATCH($B8, Attendance_data!$E$3:$BI$3, 0) + 4) & ":" & ADDRESS(1000, MATCH($B8, Attendance_data!$E$3:$BI$3, 0) + 4)), "P" ) + COUNTIFS( Attendance_data!$B$4:$B$1000,V$4, INDIRECT("Attendance_data!" & ADDRESS(4, MATCH($B8, Attendance_data!$E$3:$BI$3, 0) + 4) & ":" & ADDRESS(1000, MATCH($B8, Attendance_data!$E$3:$BI$3, 0) + 4)), "A" ) ),"")} -> 0.48 | W8: {=IFERROR( COUNTIFS(Attendance_data!$B$4:$B$1000,W$4, INDIRECT("Attendance_data!" & ADDRESS(4, MATCH($B8, Attendance_data!$E$3:$BI$3, 0) + 4) & ":" & ADDRESS(1000, MATCH($B8, Attendance_data!$E$3:$BI$3, 0) + 4)), "P" ) / ( COUNTIFS( Attendance_data!$B$4:$B$1000,W$4, INDIRECT("Attendance_data!" & ADDRESS(4, MATCH($B8, Attendance_data!$E$3:$BI$3, 0) + 4) & ":" & ADDRESS(1000, MATCH($B8, Attendance_data!$E$3:$BI$3, 0) + 4)), "P" ) + COUNTIFS( Attendance_data!$B$4:$B$1000,W$4, INDIRECT("Attendance_data!" & ADDRESS(4, MATCH($B8, Attendance_data!$E$3:$BI$3, 0) + 4) & ":" & ADDRESS(1000, MATCH($B8, Attendance_data!$E$3:$BI$3, 0) + 4)), "A" ) ),"")} -> 0.04 | ... AA8: {=IFERROR( COUNTIFS(Attendance_data!$B$4:$B$1000,AA$4, INDIRECT("Attendance_data!" & ADDRESS(4, MATCH($B8, Attendance_data!$E$3:$BI$3, 0) + 4) & ":" & ADDRESS(1000, MATCH($B8, Attendance_data!$E$3:$BI$3, 0) + 4)), "P" ) / ( COUNTIFS( Attendance_data!$B$4:$B$1000,AA$4, INDIRECT("Attendance_data!" & ADDRESS(4, MATCH($B8, Attendance_data!$E$3:$BI$3, 0) + 4) & ":" & ADDRESS(1000, MATCH($B8, Attendance_data!$E$3:$BI$3, 0) + 4)), "P" ) + COUNTIFS( Attendance_data!$B$4:$B$1000,AA$4, INDIRECT("Attendance_data!" & ADDRESS(4, MATCH($B8, Attendance_data!$E$3:$BI$3, 0) + 4) & ":" & ADDRESS(1000, MATCH($B8, Attendance_data!$E$3:$BI$3, 0) + 4)), "A" ) ),"")} | AB8: =AVERAGEIF(P8:Z8,">0") -> 0.4844898
A9: =ROW()-4 -> 5 | B9: NMUD08 | C9: Ashok Govinda Kanojiya | D9: 10th | E9: Boy | F9: 9769889782 | G9: Playing Kabaddi | H9: 2018 | I9: Active | J9: 26 | K9: 27 | L9: 27 | M9: 26 | N9: 29 | O9: NA | P9: {=IFERROR( COUNTIFS(Attendance_data!$B$4:$B$1000,P$4, INDIRECT("Attendance_data!" & ADDRESS(4, MATCH($B9, Attendance_data!$E$3:$BI$3, 0) + 4) & ":" & ADDRESS(1000, MATCH($B9, Attendance_data!$E$3:$BI$3, 0) + 4)), "P" ) / ( COUNTIFS( Attendance_data!$B$4:$B$1000,P$4, INDIRECT("Attendance_data!" & ADDRESS(4, MATCH($B9, Attendance_data!$E$3:$BI$3, 0) + 4) & ":" & ADDRESS(1000, MATCH($B9, Attendance_data!$E$3:$BI$3, 0) + 4)), "P" ) + COUNTIFS( Attendance_data!$B$4:$B$1000,P$4, INDIRECT("Attendance_data!" & ADDRESS(4, MATCH($B9, Attendance_data!$E$3:$BI$3, 0) + 4) & ":" & ADDRESS(1000, MATCH($B9, Attendance_data!$E$3:$BI$3, 0) + 4)), "A" ) ),"")} -> 1 | Q9: {=IFERROR( COUNTIFS(Attendance_data!$B$4:$B$1000,Q$4, INDIRECT("Attendance_data!" & ADDRESS(4, MATCH($B9, Attendance_data!$E$3:$BI$3, 0) + 4) & ":" & ADDRESS(1000, MATCH($B9, Attendance_data!$E$3:$BI$3, 0) + 4)), "P" ) / ( COUNTIFS( Attendance_data!$B$4:$B$1000,Q$4, INDIRECT("Attendance_data!" & ADDRESS(4, MATCH($B9, Attendance_data!$E$3:$BI$3, 0) + 4) & ":" & ADDRESS(1000, MATCH($B9, Attendance_data!$E$3:$BI$3, 0) + 4)), "P" ) + COUNTIFS( Attendance_data!$B$4:$B$1000,Q$4, INDIRECT("Attendance_data!" & ADDRESS(4, MATCH($B9, Attendance_data!$E$3:$BI$3, 0) + 4) & ":" & ADDRESS(1000, MATCH($B9, Attendance_data!$E$3:$BI$3, 0) + 4)), "A" ) ),"")} -> 0.96153846 | R9: {=IFERROR( COUNTIFS(Attendance_data!$B$4:$B$1000,R$4, INDIRECT("Attendance_data!" & ADDRESS(4, MATCH($B9, Attendance_data!$E$3:$BI$3, 0) + 4) & ":" & ADDRESS(1000, MATCH($B9, Attendance_data!$E$3:$BI$3, 0) + 4)), "P" ) / ( COUNTIFS( Attendance_data!$B$4:$B$1000,R$4, INDIRECT("Attendance_data!" & ADDRESS(4, MATCH($B9, Attendance_data!$E$3:$BI$3, 0) + 4) & ":" & ADDRESS(1000, MATCH($B9, Attendance_data!$E$3:$BI$3, 0) + 4)), "P" ) + COUNTIFS( Attendance_data!$B$4:$B$1000,R$4, INDIRECT("Attendance_data!" & ADDRESS(4, MATCH($B9, Attendance_data!$E$3:$BI$3, 0) + 4) & ":" & ADDRESS(1000, MATCH($B9, Attendance_data!$E$3:$BI$3, 0) + 4)), "A" ) ),"")} -> 0.94736842 | S9: {=IFERROR( COUNTIFS(Attendance_data!$B$4:$B$1000,S$4, INDIRECT("Attendance_data!" & ADDRESS(4, MATCH($B9, Attendance_data!$E$3:$BI$3, 0) + 4) & ":" & ADDRESS(1000, MATCH($B9, Attendance_data!$E$3:$BI$3, 0) + 4)), "P" ) / ( COUNTIFS( Attendance_data!$B$4:$B$1000,S$4, INDIRECT("Attendance_data!" & ADDRESS(4, MATCH($B9, Attendance_data!$E$3:$BI$3, 0) + 4) & ":" & ADDRESS(1000, MATCH($B9, Attendance_data!$E$3:$BI$3, 0) + 4)), "P" ) + COUNTIFS( Attendance_data!$B$4:$B$1000,S$4, INDIRECT("Attendance_data!" & ADDRESS(4, MATCH($B9, Attendance_data!$E$3:$BI$3, 0) + 4) & ":" & ADDRESS(1000, MATCH($B9, Attendance_data!$E$3:$BI$3, 0) + 4)), "A" ) ),"")} -> 1 | T9: {=IFERROR( COUNTIFS(Attendance_data!$B$4:$B$1000,T$4, INDIRECT("Attendance_data!" & ADDRESS(4, MATCH($B9, Attendance_data!$E$3:$BI$3, 0) + 4) & ":" & ADDRESS(1000, MATCH($B9, Attendance_data!$E$3:$BI$3, 0) + 4)), "P" ) / ( COUNTIFS( Attendance_data!$B$4:$B$1000,T$4, INDIRECT("Attendance_data!" & ADDRESS(4, MATCH($B9, Attendance_data!$E$3:$BI$3, 0) + 4) & ":" & ADDRESS(1000, MATCH($B9, Attendance_data!$E$3:$BI$3, 0) + 4)), "P" ) + COUNTIFS( Attendance_data!$B$4:$B$1000,T$4, INDIRECT("Attendance_data!" & ADDRESS(4, MATCH($B9, Attendance_data!$E$3:$BI$3, 0) + 4) & ":" & ADDRESS(1000, MATCH($B9, Attendance_data!$E$3:$BI$3, 0) + 4)), "A" ) ),"")} -> 0.95 | U9: {=IFERROR( COUNTIFS(Attendance_data!$B$4:$B$1000,U$4, INDIRECT("Attendance_data!" & ADDRESS(4, MATCH($B9, Attendance_data!$E$3:$BI$3, 0) + 4) & ":" & ADDRESS(1000, MATCH($B9, Attendance_data!$E$3:$BI$3, 0) + 4)), "P" ) / ( COUNTIFS( Attendance_data!$B$4:$B$1000,U$4, INDIRECT("Attendance_data!" & ADDRESS(4, MATCH($B9, Attendance_data!$E$3:$BI$3, 0) + 4) & ":" & ADDRESS(1000, MATCH($B9, Attendance_data!$E$3:$BI$3, 0) + 4)), "P" ) + COUNTIFS( Attendance_data!$B$4:$B$1000,U$4, INDIRECT("Attendance_data!" & ADDRESS(4, MATCH($B9, Attendance_data!$E$3:$BI$3, 0) + 4) & ":" & ADDRESS(1000, MATCH($B9, Attendance_data!$E$3:$BI$3, 0) + 4)), "A" ) ),"")} -> 1 | V9: {=IFERROR( COUNTIFS(Attendance_data!$B$4:$B$1000,V$4, INDIRECT("Attendance_data!" & ADDRESS(4, MATCH($B9, Attendance_data!$E$3:$BI$3, 0) + 4) & ":" & ADDRESS(1000, MATCH($B9, Attendance_data!$E$3:$BI$3, 0) + 4)), "P" ) / ( COUNTIFS( Attendance_data!$B$4:$B$1000,V$4, INDIRECT("Attendance_data!" & ADDRESS(4, MATCH($B9, Attendance_data!$E$3:$BI$3, 0) + 4) & ":" & ADDRESS(1000, MATCH($B9, Attendance_data!$E$3:$BI$3, 0) + 4)), "P" ) + COUNTIFS( Attendance_data!$B$4:$B$1000,V$4, INDIRECT("Attendance_data!" & ADDRESS(4, MATCH($B9, Attendance_data!$E$3:$BI$3, 0) + 4) & ":" & ADDRESS(1000, MATCH($B9, Attendance_data!$E$3:$BI$3, 0) + 4)), "A" ) ),"")} -> 1 | W9: {=IFERROR( COUNTIFS(Attendance_data!$B$4:$B$1000,W$4, INDIRECT("Attendance_data!" & ADDRESS(4, MATCH($B9, Attendance_data!$E$3:$BI$3, 0) + 4) & ":" & ADDRESS(1000, MATCH($B9, Attendance_data!$E$3:$BI$3, 0) + 4)), "P" ) / ( COUNTIFS( Attendance_data!$B$4:$B$1000,W$4, INDIRECT("Attendance_data!" & ADDRESS(4, MATCH($B9, Attendance_data!$E$3:$BI$3, 0) + 4) & ":" & ADDRESS(1000, MATCH($B9, Attendance_data!$E$3:$BI$3, 0) + 4)), "P" ) + COUNTIFS( Attendance_data!$B$4:$B$1000,W$4, INDIRECT("Attendance_data!" & ADDRESS(4, MATCH($B9, Attendance_data!$E$3:$BI$3, 0) + 4) & ":" & ADDRESS(1000, MATCH($B9, Attendance_data!$E$3:$BI$3, 0) + 4)), "A" ) ),"")} -> 1 | ... AA9: {=IFERROR( COUNTIFS(Attendance_data!$B$4:$B$1000,AA$4, INDIRECT("Attendance_data!" & ADDRESS(4, MATCH($B9, Attendance_data!$E$3:$BI$3, 0) + 4) & ":" & ADDRESS(1000, MATCH($B9, Attendance_data!$E$3:$BI$3, 0) + 4)), "P" ) / ( COUNTIFS( Attendance_data!$B$4:$B$1000,AA$4, INDIRECT("Attendance_data!" & ADDRESS(4, MATCH($B9, Attendance_data!$E$3:$BI$3, 0) + 4) & ":" & ADDRESS(1000, MATCH($B9, Attendance_data!$E$3:$BI$3, 0) + 4)), "P" ) + COUNTIFS( Attendance_data!$B$4:$B$1000,AA$4, INDIRECT("Attendance_data!" & ADDRESS(4, MATCH($B9, Attendance_data!$E$3:$BI$3, 0) + 4) & ":" & ADDRESS(1000, MATCH($B9, Attendance_data!$E$3:$BI$3, 0) + 4)), "A" ) ),"")} | AB9: =AVERAGEIF(P9:Z9,">0") -> 0.85586022
A10: =ROW()-4 -> 6 | B10: NMUD28 | C10: Soham anil waghmare | D10: 9th | E10: Boy | F10: 8591911057 | G10: Playing Kabaddi | H10: 2020 | I10: Active | J10: 19 | K10: 25 | L10: 28 | M10: 27 | N10: 28 | O10: 21 | P10: {=IFERROR( COUNTIFS(Attendance_data!$B$4:$B$1000,P$4, INDIRECT("Attendance_data!" & ADDRESS(4, MATCH($B10, Attendance_data!$E$3:$BI$3, 0) + 4) & ":" & ADDRESS(1000, MATCH($B10, Attendance_data!$E$3:$BI$3, 0) + 4)), "P" ) / ( COUNTIFS( Attendance_data!$B$4:$B$1000,P$4, INDIRECT("Attendance_data!" & ADDRESS(4, MATCH($B10, Attendance_data!$E$3:$BI$3, 0) + 4) & ":" & ADDRESS(1000, MATCH($B10, Attendance_data!$E$3:$BI$3, 0) + 4)), "P" ) + COUNTIFS( Attendance_data!$B$4:$B$1000,P$4, INDIRECT("Attendance_data!" & ADDRESS(4, MATCH($B10, Attendance_data!$E$3:$BI$3, 0) + 4) & ":" & ADDRESS(1000, MATCH($B10, Attendance_data!$E$3:$BI$3, 0) + 4)), "A" ) ),"")} -> 0.95238095 | Q10: {=IFERROR( COUNTIFS(Attendance_data!$B$4:$B$1000,Q$4, INDIRECT("Attendance_data!" & ADDRESS(4, MATCH($B10, Attendance_data!$E$3:$BI$3, 0) + 4) & ":" & ADDRESS(1000, MATCH($B10, Attendance_data!$E$3:$BI$3, 0) + 4)), "P" ) / ( COUNTIFS( Attendance_data!$B$4:$B$1000,Q$4, INDIRECT("Attendance_data!" & ADDRESS(4, MATCH($B10, Attendance_data!$E$3:$BI$3, 0) + 4) & ":" & ADDRESS(1000, MATCH($B10, Attendance_data!$E$3:$BI$3, 0) + 4)), "P" ) + COUNTIFS( Attendance_data!$B$4:$B$1000,Q$4, INDIRECT("Attendance_data!" & ADDRESS(4, MATCH($B10, Attendance_data!$E$3:$BI$3, 0) + 4) & ":" & ADDRESS(1000, MATCH($B10, Attendance_data!$E$3:$BI$3, 0) + 4)), "A" ) ),"")} -> 0.73076923 | R10: {=IFERROR( COUNTIFS(Attendance_data!$B$4:$B$1000,R$4, INDIRECT("Attendance_data!" & ADDRESS(4, MATCH($B10, Attendance_data!$E$3:$BI$3, 0) + 4) & ":" & ADDRESS(1000, MATCH($B10, Attendance_data!$E$3:$BI$3, 0) + 4)), "P" ) / ( COUNTIFS( Attendance_data!$B$4:$B$1000,R$4, INDIRECT("Attendance_data!" & ADDRESS(4, MATCH($B10, Attendance_data!$E$3:$BI$3, 0) + 4) & ":" & ADDRESS(1000, MATCH($B10, Attendance_data!$E$3:$BI$3, 0) + 4)), "P" ) + COUNTIFS( Attendance_data!$B$4:$B$1000,R$4, INDIRECT("Attendance_data!" & ADDRESS(4, MATCH($B10, Attendance_data!$E$3:$BI$3, 0) + 4) & ":" & ADDRESS(1000, MATCH($B10, Attendance_data!$E$3:$BI$3, 0) + 4)), "A" ) ),"")} -> 0.78947368 | S10: {=IFERROR( COUNTIFS(Attendance_data!$B$4:$B$1000,S$4, INDIRECT("Attendance_data!" & ADDRESS(4, MATCH($B10, Attendance_data!$E$3:$BI$3, 0) + 4) & ":" & ADDRESS(1000, MATCH($B10, Attendance_data!$E$3:$BI$3, 0) + 4)), "P" ) / ( COUNTIFS( Attendance_data!$B$4:$B$1000,S$4, INDIRECT("Attendance_data!" & ADDRESS(4, MATCH($B10, Attendance_data!$E$3:$BI$3, 0) + 4) & ":" & ADDRESS(1000, MATCH($B10, Attendance_data!$E$3:$BI$3, 0) + 4)), "P" ) + COUNTIFS( Attendance_data!$B$4:$B$1000,S$4, INDIRECT("Attendance_data!" & ADDRESS(4, MATCH($B10, Attendance_data!$E$3:$BI$3, 0) + 4) & ":" & ADDRESS(1000, MATCH($B10, Attendance_data!$E$3:$BI$3, 0) + 4)), "A" ) ),"")} -> 0.72727273 | T10: {=IFERROR( COUNTIFS(Attendance_data!$B$4:$B$1000,T$4, INDIRECT("Attendance_data!" & ADDRESS(4, MATCH($B10, Attendance_data!$E$3:$BI$3, 0) + 4) & ":" & ADDRESS(1000, MATCH($B10, Attendance_data!$E$3:$BI$3, 0) + 4)), "P" ) / ( COUNTIFS( Attendance_data!$B$4:$B$1000,T$4, INDIRECT("Attendance_data!" & ADDRESS(4, MATCH($B10, Attendance_data!$E$3:$BI$3, 0) + 4) & ":" & ADDRESS(1000, MATCH($B10, Attendance_data!$E$3:$BI$3, 0) + 4)), "P" ) + COUNTIFS( Attendance_data!$B$4:$B$1000,T$4, INDIRECT("Attendance_data!" & ADDRESS(4, MATCH($B10, Attendance_data!$E$3:$BI$3, 0) + 4) & ":" & ADDRESS(1000, MATCH($B10, Attendance_data!$E$3:$BI$3, 0) + 4)), "A" ) ),"")} -> 0.9 | U10: {=IFERROR( COUNTIFS(Attendance_data!$B$4:$B$1000,U$4, INDIRECT("Attendance_data!" & ADDRESS(4, MATCH($B10, Attendance_data!$E$3:$BI$3, 0) + 4) & ":" & ADDRESS(1000, MATCH($B10, Attendance_data!$E$3:$BI$3, 0) + 4)), "P" ) / ( COUNTIFS( Attendance_data!$B$4:$B$1000,U$4, INDIRECT("Attendance_data!" & ADDRESS(4, MATCH($B10, Attendance_data!$E$3:$BI$3, 0) + 4) & ":" & ADDRESS(1000, MATCH($B10, Attendance_data!$E$3:$BI$3, 0) + 4)), "P" ) + COUNTIFS( Attendance_data!$B$4:$B$1000,U$4, INDIRECT("Attendance_data!" & ADDRESS(4, MATCH($B10, Attendance_data!$E$3:$BI$3, 0) + 4) & ":" & ADDRESS(1000, MATCH($B10, Attendance_data!$E$3:$BI$3, 0) + 4)), "A" ) ),"")} -> 0.92 | V10: {=IFERROR( COUNTIFS(Attendance_data!$B$4:$B$1000,V$4, INDIRECT("Attendance_data!" & ADDRESS(4, MATCH($B10, Attendance_data!$E$3:$BI$3, 0) + 4) & ":" & ADDRESS(1000, MATCH($B10, Attendance_data!$E$3:$BI$3, 0) + 4)), "P" ) / ( COUNTIFS( Attendance_data!$B$4:$B$1000,V$4, INDIRECT("Attendance_data!" & ADDRESS(4, MATCH($B10, Attendance_data!$E$3:$BI$3, 0) + 4) & ":" & ADDRESS(1000, MATCH($B10, Attendance_data!$E$3:$BI$3, 0) + 4)), "P" ) + COUNTIFS( Attendance_data!$B$4:$B$1000,V$4, INDIRECT("Attendance_data!" & ADDRESS(4, MATCH($B10, Attendance_data!$E$3:$BI$3, 0) + 4) & ":" & ADDRESS(1000, MATCH($B10, Attendance_data!$E$3:$BI$3, 0) + 4)), "A" ) ),"")} -> 0.84 | W10: {=IFERROR( COUNTIFS(Attendance_data!$B$4:$B$1000,W$4, INDIRECT("Attendance_data!" & ADDRESS(4, MATCH($B10, Attendance_data!$E$3:$BI$3, 0) + 4) & ":" & ADDRESS(1000, MATCH($B10, Attendance_data!$E$3:$BI$3, 0) + 4)), "P" ) / ( COUNTIFS( Attendance_data!$B$4:$B$1000,W$4, INDIRECT("Attendance_data!" & ADDRESS(4, MATCH($B10, Attendance_data!$E$3:$BI$3, 0) + 4) & ":" & ADDRESS(1000, MATCH($B10, Attendance_data!$E$3:$BI$3, 0) + 4)), "P" ) + COUNTIFS( Attendance_data!$B$4:$B$1000,W$4, INDIRECT("Attendance_data!" & ADDRESS(4, MATCH($B10, Attendance_data!$E$3:$BI$3, 0) + 4) & ":" & ADDRESS(1000, MATCH($B10, Attendance_data!$E$3:$BI$3, 0) + 4)), "A" ) ),"")} -> 0.88 | ... AA10: {=IFERROR( COUNTIFS(Attendance_data!$B$4:$B$1000,AA$4, INDIRECT("Attendance_data!" & ADDRESS(4, MATCH($B10, Attendance_data!$E$3:$BI$3, 0) + 4) & ":" & ADDRESS(1000, MATCH($B10, Attendance_data!$E$3:$BI$3, 0) + 4)), "P" ) / ( COUNTIFS( Attendance_data!$B$4:$B$1000,AA$4, INDIRECT("Attendance_data!" & ADDRESS(4, MATCH($B10, Attendance_data!$E$3:$BI$3, 0) + 4) & ":" & ADDRESS(1000, MATCH($B10, Attendance_data!$E$3:$BI$3, 0) + 4)), "P" ) + COUNTIFS( Attendance_data!$B$4:$B$1000,AA$4, INDIRECT("Attendance_data!" & ADDRESS(4, MATCH($B10, Attendance_data!$E$3:$BI$3, 0) + 4) & ":" & ADDRESS(1000, MATCH($B10, Attendance_data!$E$3:$BI$3, 0) + 4)), "A" ) ),"")} | AB10: =AVERAGEIF(P10:Z10,">0") -> 0.83205409
A11: =ROW()-4 -> 7 | B11: NMUD29 | C11: Subodh Ravi Hatkar | D11: 10th | E11: Boy | F11: 8850444041 | G11: Drawing | H11: 2021 | I11: Active | J11: 23 | K11: 28 | L11: 27 | M11: 25 | N11: 12 | O11: 20 | P11: {=IFERROR( COUNTIFS(Attendance_data!$B$4:$B$1000,P$4, INDIRECT("Attendance_data!" & ADDRESS(4, MATCH($B11, Attendance_data!$E$3:$BI$3, 0) + 4) & ":" & ADDRESS(1000, MATCH($B11, Attendance_data!$E$3:$BI$3, 0) + 4)), "P" ) / ( COUNTIFS( Attendance_data!$B$4:$B$1000,P$4, INDIRECT("Attendance_data!" & ADDRESS(4, MATCH($B11, Attendance_data!$E$3:$BI$3, 0) + 4) & ":" & ADDRESS(1000, MATCH($B11, Attendance_data!$E$3:$BI$3, 0) + 4)), "P" ) + COUNTIFS( Attendance_data!$B$4:$B$1000,P$4, INDIRECT("Attendance_data!" & ADDRESS(4, MATCH($B11, Attendance_data!$E$3:$BI$3, 0) + 4) & ":" & ADDRESS(1000, MATCH($B11, Attendance_data!$E$3:$BI$3, 0) + 4)), "A" ) ),"")} -> 1 | Q11: {=IFERROR( COUNTIFS(Attendance_data!$B$4:$B$1000,Q$4, INDIRECT("Attendance_data!" & ADDRESS(4, MATCH($B11, Attendance_data!$E$3:$BI$3, 0) + 4) & ":" & ADDRESS(1000, MATCH($B11, Attendance_data!$E$3:$BI$3, 0) + 4)), "P" ) / ( COUNTIFS( Attendance_data!$B$4:$B$1000,Q$4, INDIRECT("Attendance_data!" & ADDRESS(4, MATCH($B11, Attendance_data!$E$3:$BI$3, 0) + 4) & ":" & ADDRESS(1000, MATCH($B11, Attendance_data!$E$3:$BI$3, 0) + 4)), "P" ) + COUNTIFS( Attendance_data!$B$4:$B$1000,Q$4, INDIRECT("Attendance_data!" & ADDRESS(4, MATCH($B11, Attendance_data!$E$3:$BI$3, 0) + 4) & ":" & ADDRESS(1000, MATCH($B11, Attendance_data!$E$3:$BI$3, 0) + 4)), "A" ) ),"")} -> 0.84615385 | R11: {=IFERROR( COUNTIFS(Attendance_data!$B$4:$B$1000,R$4, INDIRECT("Attendance_data!" & ADDRESS(4, MATCH($B11, Attendance_data!$E$3:$BI$3, 0) + 4) & ":" & ADDRESS(1000, MATCH($B11, Attendance_data!$E$3:$BI$3, 0) + 4)), "P" ) / ( COUNTIFS( Attendance_data!$B$4:$B$1000,R$4, INDIRECT("Attendance_data!" & ADDRESS(4, MATCH($B11, Attendance_data!$E$3:$BI$3, 0) + 4) & ":" & ADDRESS(1000, MATCH($B11, Attendance_data!$E$3:$BI$3, 0) + 4)), "P" ) + COUNTIFS( Attendance_data!$B$4:$B$1000,R$4, INDIRECT("Attendance_data!" & ADDRESS(4, MATCH($B11, Attendance_data!$E$3:$BI$3, 0) + 4) & ":" & ADDRESS(1000, MATCH($B11, Attendance_data!$E$3:$BI$3, 0) + 4)), "A" ) ),"")} -> 1 | S11: {=IFERROR( COUNTIFS(Attendance_data!$B$4:$B$1000,S$4, INDIRECT("Attendance_data!" & ADDRESS(4, MATCH($B11, Attendance_data!$E$3:$BI$3, 0) + 4) & ":" & ADDRESS(1000, MATCH($B11, Attendance_data!$E$3:$BI$3, 0) + 4)), "P" ) / ( COUNTIFS( Attendance_data!$B$4:$B$1000,S$4, INDIRECT("Attendance_data!" & ADDRESS(4, MATCH($B11, Attendance_data!$E$3:$BI$3, 0) + 4) & ":" & ADDRESS(1000, MATCH($B11, Attendance_data!$E$3:$BI$3, 0) + 4)), "P" ) + COUNTIFS( Attendance_data!$B$4:$B$1000,S$4, INDIRECT("Attendance_data!" & ADDRESS(4, MATCH($B11, Attendance_data!$E$3:$BI$3, 0) + 4) & ":" & ADDRESS(1000, MATCH($B11, Attendance_data!$E$3:$BI$3, 0) + 4)), "A" ) ),"")} -> 1 | T11: {=IFERROR( COUNTIFS(Attendance_data!$B$4:$B$1000,T$4, INDIRECT("Attendance_data!" & ADDRESS(4, MATCH($B11, Attendance_data!$E$3:$BI$3, 0) + 4) & ":" & ADDRESS(1000, MATCH($B11, Attendance_data!$E$3:$BI$3, 0) + 4)), "P" ) / ( COUNTIFS( Attendance_data!$B$4:$B$1000,T$4, INDIRECT("Attendance_data!" & ADDRESS(4, MATCH($B11, Attendance_data!$E$3:$BI$3, 0) + 4) & ":" & ADDRESS(1000, MATCH($B11, Attendance_data!$E$3:$BI$3, 0) + 4)), "P" ) + COUNTIFS( Attendance_data!$B$4:$B$1000,T$4, INDIRECT("Attendance_data!" & ADDRESS(4, MATCH($B11, Attendance_data!$E$3:$BI$3, 0) + 4) & ":" & ADDRESS(1000, MATCH($B11, Attendance_data!$E$3:$BI$3, 0) + 4)), "A" ) ),"")} -> 1 | U11: {=IFERROR( COUNTIFS(Attendance_data!$B$4:$B$1000,U$4, INDIRECT("Attendance_data!" & ADDRESS(4, MATCH($B11, Attendance_data!$E$3:$BI$3, 0) + 4) & ":" & ADDRESS(1000, MATCH($B11, Attendance_data!$E$3:$BI$3, 0) + 4)), "P" ) / ( COUNTIFS( Attendance_data!$B$4:$B$1000,U$4, INDIRECT("Attendance_data!" & ADDRESS(4, MATCH($B11, Attendance_data!$E$3:$BI$3, 0) + 4) & ":" & ADDRESS(1000, MATCH($B11, Attendance_data!$E$3:$BI$3, 0) + 4)), "P" ) + COUNTIFS( Attendance_data!$B$4:$B$1000,U$4, INDIRECT("Attendance_data!" & ADDRESS(4, MATCH($B11, Attendance_data!$E$3:$BI$3, 0) + 4) & ":" & ADDRESS(1000, MATCH($B11, Attendance_data!$E$3:$BI$3, 0) + 4)), "A" ) ),"")} -> 0.96 | V11: {=IFERROR( COUNTIFS(Attendance_data!$B$4:$B$1000,V$4, INDIRECT("Attendance_data!" & ADDRESS(4, MATCH($B11, Attendance_data!$E$3:$BI$3, 0) + 4) & ":" & ADDRESS(1000, MATCH($B11, Attendance_data!$E$3:$BI$3, 0) + 4)), "P" ) / ( COUNTIFS( Attendance_data!$B$4:$B$1000,V$4, INDIRECT("Attendance_data!" & ADDRESS(4, MATCH($B11, Attendance_data!$E$3:$BI$3, 0) + 4) & ":" & ADDRESS(1000, MATCH($B11, Attendance_data!$E$3:$BI$3, 0) + 4)), "P" ) + COUNTIFS( Attendance_data!$B$4:$B$1000,V$4, INDIRECT("Attendance_data!" & ADDRESS(4, MATCH($B11, Attendance_data!$E$3:$BI$3, 0) + 4) & ":" & ADDRESS(1000, MATCH($B11, Attendance_data!$E$3:$BI$3, 0) + 4)), "A" ) ),"")} -> 0.96 | W11: {=IFERROR( COUNTIFS(Attendance_data!$B$4:$B$1000,W$4, INDIRECT("Attendance_data!" & ADDRESS(4, MATCH($B11, Attendance_data!$E$3:$BI$3, 0) + 4) & ":" & ADDRESS(1000, MATCH($B11, Attendance_data!$E$3:$BI$3, 0) + 4)), "P" ) / ( COUNTIFS( Attendance_data!$B$4:$B$1000,W$4, INDIRECT("Attendance_data!" & ADDRESS(4, MATCH($B11, Attendance_data!$E$3:$BI$3, 0) + 4) & ":" & ADDRESS(1000, MATCH($B11, Attendance_data!$E$3:$BI$3, 0) + 4)), "P" ) + COUNTIFS( Attendance_data!$B$4:$B$1000,W$4, INDIRECT("Attendance_data!" & ADDRESS(4, MATCH($B11, Attendance_data!$E$3:$BI$3, 0) + 4) & ":" & ADDRESS(1000, MATCH($B11, Attendance_data!$E$3:$BI$3, 0) + 4)), "A" ) ),"")} -> 1 | ... AA11: {=IFERROR( COUNTIFS(Attendance_data!$B$4:$B$1000,AA$4, INDIRECT("Attendance_data!" & ADDRESS(4, MATCH($B11, Attendance_data!$E$3:$BI$3, 0) + 4) & ":" & ADDRESS(1000, MATCH($B11, Attendance_data!$E$3:$BI$3, 0) + 4)), "P" ) / ( COUNTIFS( Attendance_data!$B$4:$B$1000,AA$4, INDIRECT("Attendance_data!" & ADDRESS(4, MATCH($B11, Attendance_data!$E$3:$BI$3, 0) + 4) & ":" & ADDRESS(1000, MATCH($B11, Attendance_data!$E$3:$BI$3, 0) + 4)), "P" ) + COUNTIFS( Attendance_data!$B$4:$B$1000,AA$4, INDIRECT("Attendance_data!" & ADDRESS(4, MATCH($B11, Attendance_data!$E$3:$BI$3, 0) + 4) & ":" & ADDRESS(1000, MATCH($B11, Attendance_data!$E$3:$BI$3, 0) + 4)), "A" ) ),"")} | AB11: =AVERAGEIF(P11:Z11,">0") -> 0.97874126
A12: =ROW()-4 -> 8 | B12: NMUD30 | C12: Mohini Bansraj Kanojiya | D12: 10th | E12: Girl | F12: 9619701755 | G12: Reading | H12: 2019 | I12: Active | J12: 28 | K12: 28 | L12: 30 | M12: 27 | N12: 30 | O12: NA | P12: {=IFERROR( COUNTIFS(Attendance_data!$B$4:$B$1000,P$4, INDIRECT("Attendance_data!" & ADDRESS(4, MATCH($B12, Attendance_data!$E$3:$BI$3, 0) + 4) & ":" & ADDRESS(1000, MATCH($B12, Attendance_data!$E$3:$BI$3, 0) + 4)), "P" ) / ( COUNTIFS( Attendance_data!$B$4:$B$1000,P$4, INDIRECT("Attendance_data!" & ADDRESS(4, MATCH($B12, Attendance_data!$E$3:$BI$3, 0) + 4) & ":" & ADDRESS(1000, MATCH($B12, Attendance_data!$E$3:$BI$3, 0) + 4)), "P" ) + COUNTIFS( Attendance_data!$B$4:$B$1000,P$4, INDIRECT("Attendance_data!" & ADDRESS(4, MATCH($B12, Attendance_data!$E$3:$BI$3, 0) + 4) & ":" & ADDRESS(1000, MATCH($B12, Attendance_data!$E$3:$BI$3, 0) + 4)), "A" ) ),"")} -> 0.95238095 | Q12: {=IFERROR( COUNTIFS(Attendance_data!$B$4:$B$1000,Q$4, INDIRECT("Attendance_data!" & ADDRESS(4, MATCH($B12, Attendance_data!$E$3:$BI$3, 0) + 4) & ":" & ADDRESS(1000, MATCH($B12, Attendance_data!$E$3:$BI$3, 0) + 4)), "P" ) / ( COUNTIFS( Attendance_data!$B$4:$B$1000,Q$4, INDIRECT("Attendance_data!" & ADDRESS(4, MATCH($B12, Attendance_data!$E$3:$BI$3, 0) + 4) & ":" & ADDRESS(1000, MATCH($B12, Attendance_data!$E$3:$BI$3, 0) + 4)), "P" ) + COUNTIFS( Attendance_data!$B$4:$B$1000,Q$4, INDIRECT("Attendance_data!" & ADDRESS(4, MATCH($B12, Attendance_data!$E$3:$BI$3, 0) + 4) & ":" & ADDRESS(1000, MATCH($B12, Attendance_data!$E$3:$BI$3, 0) + 4)), "A" ) ),"")} -> 0.84615385 | R12: {=IFERROR( COUNTIFS(Attendance_data!$B$4:$B$1000,R$4, INDIRECT("Attendance_data!" & ADDRESS(4, MATCH($B12, Attendance_data!$E$3:$BI$3, 0) + 4) & ":" & ADDRESS(1000, MATCH($B12, Attendance_data!$E$3:$BI$3, 0) + 4)), "P" ) / ( COUNTIFS( Attendance_data!$B$4:$B$1000,R$4, INDIRECT("Attendance_data!" & ADDRESS(4, MATCH($B12, Attendance_data!$E$3:$BI$3, 0) + 4) & ":" & ADDRESS(1000, MATCH($B12, Attendance_data!$E$3:$BI$3, 0) + 4)), "P" ) + COUNTIFS( Attendance_data!$B$4:$B$1000,R$4, INDIRECT("Attendance_data!" & ADDRESS(4, MATCH($B12, Attendance_data!$E$3:$BI$3, 0) + 4) & ":" & ADDRESS(1000, MATCH($B12, Attendance_data!$E$3:$BI$3, 0) + 4)), "A" ) ),"")} -> 0.94736842 | S12: {=IFERROR( COUNTIFS(Attendance_data!$B$4:$B$1000,S$4, INDIRECT("Attendance_data!" & ADDRESS(4, MATCH($B12, Attendance_data!$E$3:$BI$3, 0) + 4) & ":" & ADDRESS(1000, MATCH($B12, Attendance_data!$E$3:$BI$3, 0) + 4)), "P" ) / ( COUNTIFS( Attendance_data!$B$4:$B$1000,S$4, INDIRECT("Attendance_data!" & ADDRESS(4, MATCH($B12, Attendance_data!$E$3:$BI$3, 0) + 4) & ":" & ADDRESS(1000, MATCH($B12, Attendance_data!$E$3:$BI$3, 0) + 4)), "P" ) + COUNTIFS( Attendance_data!$B$4:$B$1000,S$4, INDIRECT("Attendance_data!" & ADDRESS(4, MATCH($B12, Attendance_data!$E$3:$BI$3, 0) + 4) & ":" & ADDRESS(1000, MATCH($B12, Attendance_data!$E$3:$BI$3, 0) + 4)), "A" ) ),"")} -> 0.77272727 | T12: {=IFERROR( COUNTIFS(Attendance_data!$B$4:$B$1000,T$4, INDIRECT("Attendance_data!" & ADDRESS(4, MATCH($B12, Attendance_data!$E$3:$BI$3, 0) + 4) & ":" & ADDRESS(1000, MATCH($B12, Attendance_data!$E$3:$BI$3, 0) + 4)), "P" ) / ( COUNTIFS( Attendance_data!$B$4:$B$1000,T$4, INDIRECT("Attendance_data!" & ADDRESS(4, MATCH($B12, Attendance_data!$E$3:$BI$3, 0) + 4) & ":" & ADDRESS(1000, MATCH($B12, Attendance_data!$E$3:$BI$3, 0) + 4)), "P" ) + COUNTIFS( Attendance_data!$B$4:$B$1000,T$4, INDIRECT("Attendance_data!" & ADDRESS(4, MATCH($B12, Attendance_data!$E$3:$BI$3, 0) + 4) & ":" & ADDRESS(1000, MATCH($B12, Attendance_data!$E$3:$BI$3, 0) + 4)), "A" ) ),"")} -> 0.8 | U12: {=IFERROR( COUNTIFS(Attendance_data!$B$4:$B$1000,U$4, INDIRECT("Attendance_data!" & ADDRESS(4, MATCH($B12, Attendance_data!$E$3:$BI$3, 0) + 4) & ":" & ADDRESS(1000, MATCH($B12, Attendance_data!$E$3:$BI$3, 0) + 4)), "P" ) / ( COUNTIFS( Attendance_data!$B$4:$B$1000,U$4, INDIRECT("Attendance_data!" & ADDRESS(4, MATCH($B12, Attendance_data!$E$3:$BI$3, 0) + 4) & ":" & ADDRESS(1000, MATCH($B12, Attendance_data!$E$3:$BI$3, 0) + 4)), "P" ) + COUNTIFS( Attendance_data!$B$4:$B$1000,U$4, INDIRECT("Attendance_data!" & ADDRESS(4, MATCH($B12, Attendance_data!$E$3:$BI$3, 0) + 4) & ":" & ADDRESS(1000, MATCH($B12, Attendance_data!$E$3:$BI$3, 0) + 4)), "A" ) ),"")} -> 0.44 | V12: {=IFERROR( COUNTIFS(Attendance_data!$B$4:$B$1000,V$4, INDIRECT("Attendance_data!" & ADDRESS(4, MATCH($B12, Attendance_data!$E$3:$BI$3, 0) + 4) & ":" & ADDRESS(1000, MATCH($B12, Attendance_data!$E$3:$BI$3, 0) + 4)), "P" ) / ( COUNTIFS( Attendance_data!$B$4:$B$1000,V$4, INDIRECT("Attendance_data!" & ADDRESS(4, MATCH($B12, Attendance_data!$E$3:$BI$3, 0) + 4) & ":" & ADDRESS(1000, MATCH($B12, Attendance_data!$E$3:$BI$3, 0) + 4)), "P" ) + COUNTIFS( Attendance_data!$B$4:$B$1000,V$4, INDIRECT("Attendance_data!" & ADDRESS(4, MATCH($B12, Attendance_data!$E$3:$BI$3, 0) + 4) & ":" & ADDRESS(1000, MATCH($B12, Attendance_data!$E$3:$BI$3, 0) + 4)), "A" ) ),"")} -> 0.6 | W12: {=IFERROR( COUNTIFS(Attendance_data!$B$4:$B$1000,W$4, INDIRECT("Attendance_data!" & ADDRESS(4, MATCH($B12, Attendance_data!$E$3:$BI$3, 0) + 4) & ":" & ADDRESS(1000, MATCH($B12, Attendance_data!$E$3:$BI$3, 0) + 4)), "P" ) / ( COUNTIFS( Attendance_data!$B$4:$B$1000,W$4, INDIRECT("Attendance_data!" & ADDRESS(4, MATCH($B12, Attendance_data!$E$3:$BI$3, 0) + 4) & ":" & ADDRESS(1000, MATCH($B12, Attendance_data!$E$3:$BI$3, 0) + 4)), "P" ) + COUNTIFS( Attendance_data!$B$4:$B$1000,W$4, INDIRECT("Attendance_data!" & ADDRESS(4, MATCH($B12, Attendance_data!$E$3:$BI$3, 0) + 4) & ":" & ADDRESS(1000, MATCH($B12, Attendance_data!$E$3:$BI$3, 0) + 4)), "A" ) ),"")} -> 1 | ... AA12: {=IFERROR( COUNTIFS(Attendance_data!$B$4:$B$1000,AA$4, INDIRECT("Attendance_data!" & ADDRESS(4, MATCH($B12, Attendance_data!$E$3:$BI$3, 0) + 4) & ":" & ADDRESS(1000, MATCH($B12, Attendance_data!$E$3:$BI$3, 0) + 4)), "P" ) / ( COUNTIFS( Attendance_data!$B$4:$B$1000,AA$4, INDIRECT("Attendance_data!" & ADDRESS(4, MATCH($B12, Attendance_data!$E$3:$BI$3, 0) + 4) & ":" & ADDRESS(1000, MATCH($B12, Attendance_data!$E$3:$BI$3, 0) + 4)), "P" ) + COUNTIFS( Attendance_data!$B$4:$B$1000,AA$4, INDIRECT("Attendance_data!" & ADDRESS(4, MATCH($B12, Attendance_data!$E$3:$BI$3, 0) + 4) & ":" & ADDRESS(1000, MATCH($B12, Attendance_data!$E$3:$BI$3, 0) + 4)), "A" ) ),"")} | AB12: =AVERAGEIF(P12:Z12,">0") -> 0.75067637
A13: =ROW()-4 -> 9 | B13: NMUD33 | C13: Aditya Gyaniram Mohare | D13: 9th | E13: Boy | F13: 8291213490 | G13: Playing Kabaddi | H13: 2021 | I13: Active | J13: 30 | K13: 26 | L13: 27 | M13: 29 | N13: 30 | O13: 26 | P13: {=IFERROR( COUNTIFS(Attendance_data!$B$4:$B$1000,P$4, INDIRECT("Attendance_data!" & ADDRESS(4, MATCH($B13, Attendance_data!$E$3:$BI$3, 0) + 4) & ":" & ADDRESS(1000, MATCH($B13, Attendance_data!$E$3:$BI$3, 0) + 4)), "P" ) / ( COUNTIFS( Attendance_data!$B$4:$B$1000,P$4, INDIRECT("Attendance_data!" & ADDRESS(4, MATCH($B13, Attendance_data!$E$3:$BI$3, 0) + 4) & ":" & ADDRESS(1000, MATCH($B13, Attendance_data!$E$3:$BI$3, 0) + 4)), "P" ) + COUNTIFS( Attendance_data!$B$4:$B$1000,P$4, INDIRECT("Attendance_data!" & ADDRESS(4, MATCH($B13, Attendance_data!$E$3:$BI$3, 0) + 4) & ":" & ADDRESS(1000, MATCH($B13, Attendance_data!$E$3:$BI$3, 0) + 4)), "A" ) ),"")} -> 1 | Q13: {=IFERROR( COUNTIFS(Attendance_data!$B$4:$B$1000,Q$4, INDIRECT("Attendance_data!" & ADDRESS(4, MATCH($B13, Attendance_data!$E$3:$BI$3, 0) + 4) & ":" & ADDRESS(1000, MATCH($B13, Attendance_data!$E$3:$BI$3, 0) + 4)), "P" ) / ( COUNTIFS( Attendance_data!$B$4:$B$1000,Q$4, INDIRECT("Attendance_data!" & ADDRESS(4, MATCH($B13, Attendance_data!$E$3:$BI$3, 0) + 4) & ":" & ADDRESS(1000, MATCH($B13, Attendance_data!$E$3:$BI$3, 0) + 4)), "P" ) + COUNTIFS( Attendance_data!$B$4:$B$1000,Q$4, INDIRECT("Attendance_data!" & ADDRESS(4, MATCH($B13, Attendance_data!$E$3:$BI$3, 0) + 4) & ":" & ADDRESS(1000, MATCH($B13, Attendance_data!$E$3:$BI$3, 0) + 4)), "A" ) ),"")} -> 0.92307692 | R13: {=IFERROR( COUNTIFS(Attendance_data!$B$4:$B$1000,R$4, INDIRECT("Attendance_data!" & ADDRESS(4, MATCH($B13, Attendance_data!$E$3:$BI$3, 0) + 4) & ":" & ADDRESS(1000, MATCH($B13, Attendance_data!$E$3:$BI$3, 0) + 4)), "P" ) / ( COUNTIFS( Attendance_data!$B$4:$B$1000,R$4, INDIRECT("Attendance_data!" & ADDRESS(4, MATCH($B13, Attendance_data!$E$3:$BI$3, 0) + 4) & ":" & ADDRESS(1000, MATCH($B13, Attendance_data!$E$3:$BI$3, 0) + 4)), "P" ) + COUNTIFS( Attendance_data!$B$4:$B$1000,R$4, INDIRECT("Attendance_data!" & ADDRESS(4, MATCH($B13, Attendance_data!$E$3:$BI$3, 0) + 4) & ":" & ADDRESS(1000, MATCH($B13, Attendance_data!$E$3:$BI$3, 0) + 4)), "A" ) ),"")} -> 0.36842105 | S13: {=IFERROR( COUNTIFS(Attendance_data!$B$4:$B$1000,S$4, INDIRECT("Attendance_data!" & ADDRESS(4, MATCH($B13, Attendance_data!$E$3:$BI$3, 0) + 4) & ":" & ADDRESS(1000, MATCH($B13, Attendance_data!$E$3:$BI$3, 0) + 4)), "P" ) / ( COUNTIFS( Attendance_data!$B$4:$B$1000,S$4, INDIRECT("Attendance_data!" & ADDRESS(4, MATCH($B13, Attendance_data!$E$3:$BI$3, 0) + 4) & ":" & ADDRESS(1000, MATCH($B13, Attendance_data!$E$3:$BI$3, 0) + 4)), "P" ) + COUNTIFS( Attendance_data!$B$4:$B$1000,S$4, INDIRECT("Attendance_data!" & ADDRESS(4, MATCH($B13, Attendance_data!$E$3:$BI$3, 0) + 4) & ":" & ADDRESS(1000, MATCH($B13, Attendance_data!$E$3:$BI$3, 0) + 4)), "A" ) ),"")} -> 0.68181818 | T13: {=IFERROR( COUNTIFS(Attendance_data!$B$4:$B$1000,T$4, INDIRECT("Attendance_data!" & ADDRESS(4, MATCH($B13, Attendance_data!$E$3:$BI$3, 0) + 4) & ":" & ADDRESS(1000, MATCH($B13, Attendance_data!$E$3:$BI$3, 0) + 4)), "P" ) / ( COUNTIFS( Attendance_data!$B$4:$B$1000,T$4, INDIRECT("Attendance_data!" & ADDRESS(4, MATCH($B13, Attendance_data!$E$3:$BI$3, 0) + 4) & ":" & ADDRESS(1000, MATCH($B13, Attendance_data!$E$3:$BI$3, 0) + 4)), "P" ) + COUNTIFS( Attendance_data!$B$4:$B$1000,T$4, INDIRECT("Attendance_data!" & ADDRESS(4, MATCH($B13, Attendance_data!$E$3:$BI$3, 0) + 4) & ":" & ADDRESS(1000, MATCH($B13, Attendance_data!$E$3:$BI$3, 0) + 4)), "A" ) ),"")} -> 0.9 | U13: {=IFERROR( COUNTIFS(Attendance_data!$B$4:$B$1000,U$4, INDIRECT("Attendance_data!" & ADDRESS(4, MATCH($B13, Attendance_data!$E$3:$BI$3, 0) + 4) & ":" & ADDRESS(1000, MATCH($B13, Attendance_data!$E$3:$BI$3, 0) + 4)), "P" ) / ( COUNTIFS( Attendance_data!$B$4:$B$1000,U$4, INDIRECT("Attendance_data!" & ADDRESS(4, MATCH($B13, Attendance_data!$E$3:$BI$3, 0) + 4) & ":" & ADDRESS(1000, MATCH($B13, Attendance_data!$E$3:$BI$3, 0) + 4)), "P" ) + COUNTIFS( Attendance_data!$B$4:$B$1000,U$4, INDIRECT("Attendance_data!" & ADDRESS(4, MATCH($B13, Attendance_data!$E$3:$BI$3, 0) + 4) & ":" & ADDRESS(1000, MATCH($B13, Attendance_data!$E$3:$BI$3, 0) + 4)), "A" ) ),"")} -> 0.8 | V13: {=IFERROR( COUNTIFS(Attendance_data!$B$4:$B$1000,V$4, INDIRECT("Attendance_data!" & ADDRESS(4, MATCH($B13, Attendance_data!$E$3:$BI$3, 0) + 4) & ":" & ADDRESS(1000, MATCH($B13, Attendance_data!$E$3:$BI$3, 0) + 4)), "P" ) / ( COUNTIFS( Attendance_data!$B$4:$B$1000,V$4, INDIRECT("Attendance_data!" & ADDRESS(4, MATCH($B13, Attendance_data!$E$3:$BI$3, 0) + 4) & ":" & ADDRESS(1000, MATCH($B13, Attendance_data!$E$3:$BI$3, 0) + 4)), "P" ) + COUNTIFS( Attendance_data!$B$4:$B$1000,V$4, INDIRECT("Attendance_data!" & ADDRESS(4, MATCH($B13, Attendance_data!$E$3:$BI$3, 0) + 4) & ":" & ADDRESS(1000, MATCH($B13, Attendance_data!$E$3:$BI$3, 0) + 4)), "A" ) ),"")} -> 0.88 | W13: {=IFERROR( COUNTIFS(Attendance_data!$B$4:$B$1000,W$4, INDIRECT("Attendance_data!" & ADDRESS(4, MATCH($B13, Attendance_data!$E$3:$BI$3, 0) + 4) & ":" & ADDRESS(1000, MATCH($B13, Attendance_data!$E$3:$BI$3, 0) + 4)), "P" ) / ( COUNTIFS( Attendance_data!$B$4:$B$1000,W$4, INDIRECT("Attendance_data!" & ADDRESS(4, MATCH($B13, Attendance_data!$E$3:$BI$3, 0) + 4) & ":" & ADDRESS(1000, MATCH($B13, Attendance_data!$E$3:$BI$3, 0) + 4)), "P" ) + COUNTIFS( Attendance_data!$B$4:$B$1000,W$4, INDIRECT("Attendance_data!" & ADDRESS(4, MATCH($B13, Attendance_data!$E$3:$BI$3, 0) + 4) & ":" & ADDRESS(1000, MATCH($B13, Attendance_data!$E$3:$BI$3, 0) + 4)), "A" ) ),"")} -> 0.72 | ... AA13: {=IFERROR( COUNTIFS(Attendance_data!$B$4:$B$1000,AA$4, INDIRECT("Attendance_data!" & ADDRESS(4, MATCH($B13, Attendance_data!$E$3:$BI$3, 0) + 4) & ":" & ADDRESS(1000, MATCH($B13, Attendance_data!$E$3:$BI$3, 0) + 4)), "P" ) / ( COUNTIFS( Attendance_data!$B$4:$B$1000,AA$4, INDIRECT("Attendance_data!" & ADDRESS(4, MATCH($B13, Attendance_data!$E$3:$BI$3, 0) + 4) & ":" & ADDRESS(1000, MATCH($B13, Attendance_data!$E$3:$BI$3, 0) + 4)), "P" ) + COUNTIFS( Attendance_data!$B$4:$B$1000,AA$4, INDIRECT("Attendance_data!" & ADDRESS(4, MATCH($B13, Attendance_data!$E$3:$BI$3, 0) + 4) & ":" & ADDRESS(1000, MATCH($B13, Attendance_data!$E$3:$BI$3, 0) + 4)), "A" ) ),"")} | AB13: =AVERAGEIF(P13:Z13,">0") -> 0.76258141
A14: =ROW()-4 -> 10 | B14: NMUD59 | C14: Wajid Mainuddin Ansari | D14: 7th | E14: Boy | F14: 9867114152 | G14: Playing Kabaddi | H14: 2022 | I14: Active | J14: 23 | K14: 25 | L14: 25 | M14: 27 | N14: 23 | O14: 20 | P14: {=IFERROR( COUNTIFS(Attendance_data!$B$4:$B$1000,P$4, INDIRECT("Attendance_data!" & ADDRESS(4, MATCH($B14, Attendance_data!$E$3:$BI$3, 0) + 4) & ":" & ADDRESS(1000, MATCH($B14, Attendance_data!$E$3:$BI$3, 0) + 4)), "P" ) / ( COUNTIFS( Attendance_data!$B$4:$B$1000,P$4, INDIRECT("Attendance_data!" & ADDRESS(4, MATCH($B14, Attendance_data!$E$3:$BI$3, 0) + 4) & ":" & ADDRESS(1000, MATCH($B14, Attendance_data!$E$3:$BI$3, 0) + 4)), "P" ) + COUNTIFS( Attendance_data!$B$4:$B$1000,P$4, INDIRECT("Attendance_data!" & ADDRESS(4, MATCH($B14, Attendance_data!$E$3:$BI$3, 0) + 4) & ":" & ADDRESS(1000, MATCH($B14, Attendance_data!$E$3:$BI$3, 0) + 4)), "A" ) ),"")} -> 0.52380952 | Q14: {=IFERROR( COUNTIFS(Attendance_data!$B$4:$B$1000,Q$4, INDIRECT("Attendance_data!" & ADDRESS(4, MATCH($B14, Attendance_data!$E$3:$BI$3, 0) + 4) & ":" & ADDRESS(1000, MATCH($B14, Attendance_data!$E$3:$BI$3, 0) + 4)), "P" ) / ( COUNTIFS( Attendance_data!$B$4:$B$1000,Q$4, INDIRECT("Attendance_data!" & ADDRESS(4, MATCH($B14, Attendance_data!$E$3:$BI$3, 0) + 4) & ":" & ADDRESS(1000, MATCH($B14, Attendance_data!$E$3:$BI$3, 0) + 4)), "P" ) + COUNTIFS( Attendance_data!$B$4:$B$1000,Q$4, INDIRECT("Attendance_data!" & ADDRESS(4, MATCH($B14, Attendance_data!$E$3:$BI$3, 0) + 4) & ":" & ADDRESS(1000, MATCH($B14, Attendance_data!$E$3:$BI$3, 0) + 4)), "A" ) ),"")} -> 1 | R14: {=IFERROR( COUNTIFS(Attendance_data!$B$4:$B$1000,R$4, INDIRECT("Attendance_data!" & ADDRESS(4, MATCH($B14, Attendance_data!$E$3:$BI$3, 0) + 4) & ":" & ADDRESS(1000, MATCH($B14, Attendance_data!$E$3:$BI$3, 0) + 4)), "P" ) / ( COUNTIFS( Attendance_data!$B$4:$B$1000,R$4, INDIRECT("Attendance_data!" & ADDRESS(4, MATCH($B14, Attendance_data!$E$3:$BI$3, 0) + 4) & ":" & ADDRESS(1000, MATCH($B14, Attendance_data!$E$3:$BI$3, 0) + 4)), "P" ) + COUNTIFS( Attendance_data!$B$4:$B$1000,R$4, INDIRECT("Attendance_data!" & ADDRESS(4, MATCH($B14, Attendance_data!$E$3:$BI$3, 0) + 4) & ":" & ADDRESS(1000, MATCH($B14, Attendance_data!$E$3:$BI$3, 0) + 4)), "A" ) ),"")} -> 1 | S14: {=IFERROR( COUNTIFS(Attendance_data!$B$4:$B$1000,S$4, INDIRECT("Attendance_data!" & ADDRESS(4, MATCH($B14, Attendance_data!$E$3:$BI$3, 0) + 4) & ":" & ADDRESS(1000, MATCH($B14, Attendance_data!$E$3:$BI$3, 0) + 4)), "P" ) / ( COUNTIFS( Attendance_data!$B$4:$B$1000,S$4, INDIRECT("Attendance_data!" & ADDRESS(4, MATCH($B14, Attendance_data!$E$3:$BI$3, 0) + 4) & ":" & ADDRESS(1000, MATCH($B14, Attendance_data!$E$3:$BI$3, 0) + 4)), "P" ) + COUNTIFS( Attendance_data!$B$4:$B$1000,S$4, INDIRECT("Attendance_data!" & ADDRESS(4, MATCH($B14, Attendance_data!$E$3:$BI$3, 0) + 4) & ":" & ADDRESS(1000, MATCH($B14, Attendance_data!$E$3:$BI$3, 0) + 4)), "A" ) ),"")} -> 0.95454545 | T14: {=IFERROR( COUNTIFS(Attendance_data!$B$4:$B$1000,T$4, INDIRECT("Attendance_data!" & ADDRESS(4, MATCH($B14, Attendance_data!$E$3:$BI$3, 0) + 4) & ":" & ADDRESS(1000, MATCH($B14, Attendance_data!$E$3:$BI$3, 0) + 4)), "P" ) / ( COUNTIFS( Attendance_data!$B$4:$B$1000,T$4, INDIRECT("Attendance_data!" & ADDRESS(4, MATCH($B14, Attendance_data!$E$3:$BI$3, 0) + 4) & ":" & ADDRESS(1000, MATCH($B14, Attendance_data!$E$3:$BI$3, 0) + 4)), "P" ) + COUNTIFS( Attendance_data!$B$4:$B$1000,T$4, INDIRECT("Attendance_data!" & ADDRESS(4, MATCH($B14, Attendance_data!$E$3:$BI$3, 0) + 4) & ":" & ADDRESS(1000, MATCH($B14, Attendance_data!$E$3:$BI$3, 0) + 4)), "A" ) ),"")} -> 1 | U14: {=IFERROR( COUNTIFS(Attendance_data!$B$4:$B$1000,U$4, INDIRECT("Attendance_data!" & ADDRESS(4, MATCH($B14, Attendance_data!$E$3:$BI$3, 0) + 4) & ":" & ADDRESS(1000, MATCH($B14, Attendance_data!$E$3:$BI$3, 0) + 4)), "P" ) / ( COUNTIFS( Attendance_data!$B$4:$B$1000,U$4, INDIRECT("Attendance_data!" & ADDRESS(4, MATCH($B14, Attendance_data!$E$3:$BI$3, 0) + 4) & ":" & ADDRESS(1000, MATCH($B14, Attendance_data!$E$3:$BI$3, 0) + 4)), "P" ) + COUNTIFS( Attendance_data!$B$4:$B$1000,U$4, INDIRECT("Attendance_data!" & ADDRESS(4, MATCH($B14, Attendance_data!$E$3:$BI$3, 0) + 4) & ":" & ADDRESS(1000, MATCH($B14, Attendance_data!$E$3:$BI$3, 0) + 4)), "A" ) ),"")} -> 0.96 | V14: {=IFERROR( COUNTIFS(Attendance_data!$B$4:$B$1000,V$4, INDIRECT("Attendance_data!" & ADDRESS(4, MATCH($B14, Attendance_data!$E$3:$BI$3, 0) + 4) & ":" & ADDRESS(1000, MATCH($B14, Attendance_data!$E$3:$BI$3, 0) + 4)), "P" ) / ( COUNTIFS( Attendance_data!$B$4:$B$1000,V$4, INDIRECT("Attendance_data!" & ADDRESS(4, MATCH($B14, Attendance_data!$E$3:$BI$3, 0) + 4) & ":" & ADDRESS(1000, MATCH($B14, Attendance_data!$E$3:$BI$3, 0) + 4)), "P" ) + COUNTIFS( Attendance_data!$B$4:$B$1000,V$4, INDIRECT("Attendance_data!" & ADDRESS(4, MATCH($B14, Attendance_data!$E$3:$BI$3, 0) + 4) & ":" & ADDRESS(1000, MATCH($B14, Attendance_data!$E$3:$BI$3, 0) + 4)), "A" ) ),"")} -> 1 | W14: {=IFERROR( COUNTIFS(Attendance_data!$B$4:$B$1000,W$4, INDIRECT("Attendance_data!" & ADDRESS(4, MATCH($B14, Attendance_data!$E$3:$BI$3, 0) + 4) & ":" & ADDRESS(1000, MATCH($B14, Attendance_data!$E$3:$BI$3, 0) + 4)), "P" ) / ( COUNTIFS( Attendance_data!$B$4:$B$1000,W$4, INDIRECT("Attendance_data!" & ADDRESS(4, MATCH($B14, Attendance_data!$E$3:$BI$3, 0) + 4) & ":" & ADDRESS(1000, MATCH($B14, Attendance_data!$E$3:$BI$3, 0) + 4)), "P" ) + COUNTIFS( Attendance_data!$B$4:$B$1000,W$4, INDIRECT("Attendance_data!" & ADDRESS(4, MATCH($B14, Attendance_data!$E$3:$BI$3, 0) + 4) & ":" & ADDRESS(1000, MATCH($B14, Attendance_data!$E$3:$BI$3, 0) + 4)), "A" ) ),"")} -> 0.96 | ... AA14: {=IFERROR( COUNTIFS(Attendance_data!$B$4:$B$1000,AA$4, INDIRECT("Attendance_data!" & ADDRESS(4, MATCH($B14, Attendance_data!$E$3:$BI$3, 0) + 4) & ":" & ADDRESS(1000, MATCH($B14, Attendance_data!$E$3:$BI$3, 0) + 4)), "P" ) / ( COUNTIFS( Attendance_data!$B$4:$B$1000,AA$4, INDIRECT("Attendance_data!" & ADDRESS(4, MATCH($B14, Attendance_data!$E$3:$BI$3, 0) + 4) & ":" & ADDRESS(1000, MATCH($B14, Attendance_data!$E$3:$BI$3, 0) + 4)), "P" ) + COUNTIFS( Attendance_data!$B$4:$B$1000,AA$4, INDIRECT("Attendance_data!" & ADDRESS(4, MATCH($B14, Attendance_data!$E$3:$BI$3, 0) + 4) & ":" & ADDRESS(1000, MATCH($B14, Attendance_data!$E$3:$BI$3, 0) + 4)), "A" ) ),"")} | AB14: =AVERAGEIF(P14:Z14,">0") -> 0.93718811
A15: =ROW()-4 -> 11 | B15: NMUD60 | C15: sajid Mainuddin Ansari | D15: 7th | E15: Boy | F15: 9867114152 | G15: Playing Kabaddi | H15: 2022 | I15: Active | J15: 29 | K15: 24 | L15: 27 | M15: 26 | N15: 25 | O15: 25 | P15: {=IFERROR( COUNTIFS(Attendance_data!$B$4:$B$1000,P$4, INDIRECT("Attendance_data!" & ADDRESS(4, MATCH($B15, Attendance_data!$E$3:$BI$3, 0) + 4) & ":" & ADDRESS(1000, MATCH($B15, Attendance_data!$E$3:$BI$3, 0) + 4)), "P" ) / ( COUNTIFS( Attendance_data!$B$4:$B$1000,P$4, INDIRECT("Attendance_data!" & ADDRESS(4, MATCH($B15, Attendance_data!$E$3:$BI$3, 0) + 4) & ":" & ADDRESS(1000, MATCH($B15, Attendance_data!$E$3:$BI$3, 0) + 4)), "P" ) + COUNTIFS( Attendance_data!$B$4:$B$1000,P$4, INDIRECT("Attendance_data!" & ADDRESS(4, MATCH($B15, Attendance_data!$E$3:$BI$3, 0) + 4) & ":" & ADDRESS(1000, MATCH($B15, Attendance_data!$E$3:$BI$3, 0) + 4)), "A" ) ),"")} -> 0.52380952 | Q15: {=IFERROR( COUNTIFS(Attendance_data!$B$4:$B$1000,Q$4, INDIRECT("Attendance_data!" & ADDRESS(4, MATCH($B15, Attendance_data!$E$3:$BI$3, 0) + 4) & ":" & ADDRESS(1000, MATCH($B15, Attendance_data!$E$3:$BI$3, 0) + 4)), "P" ) / ( COUNTIFS( Attendance_data!$B$4:$B$1000,Q$4, INDIRECT("Attendance_data!" & ADDRESS(4, MATCH($B15, Attendance_data!$E$3:$BI$3, 0) + 4) & ":" & ADDRESS(1000, MATCH($B15, Attendance_data!$E$3:$BI$3, 0) + 4)), "P" ) + COUNTIFS( Attendance_data!$B$4:$B$1000,Q$4, INDIRECT("Attendance_data!" & ADDRESS(4, MATCH($B15, Attendance_data!$E$3:$BI$3, 0) + 4) & ":" & ADDRESS(1000, MATCH($B15, Attendance_data!$E$3:$BI$3, 0) + 4)), "A" ) ),"")} -> 1 | R15: {=IFERROR( COUNTIFS(Attendance_data!$B$4:$B$1000,R$4, INDIRECT("Attendance_data!" & ADDRESS(4, MATCH($B15, Attendance_data!$E$3:$BI$3, 0) + 4) & ":" & ADDRESS(1000, MATCH($B15, Attendance_data!$E$3:$BI$3, 0) + 4)), "P" ) / ( COUNTIFS( Attendance_data!$B$4:$B$1000,R$4, INDIRECT("Attendance_data!" & ADDRESS(4, MATCH($B15, Attendance_data!$E$3:$BI$3, 0) + 4) & ":" & ADDRESS(1000, MATCH($B15, Attendance_data!$E$3:$BI$3, 0) + 4)), "P" ) + COUNTIFS( Attendance_data!$B$4:$B$1000,R$4, INDIRECT("Attendance_data!" & ADDRESS(4, MATCH($B15, Attendance_data!$E$3:$BI$3, 0) + 4) & ":" & ADDRESS(1000, MATCH($B15, Attendance_data!$E$3:$BI$3, 0) + 4)), "A" ) ),"")} -> 1 | S15: {=IFERROR( COUNTIFS(Attendance_data!$B$4:$B$1000,S$4, INDIRECT("Attendance_data!" & ADDRESS(4, MATCH($B15, Attendance_data!$E$3:$BI$3, 0) + 4) & ":" & ADDRESS(1000, MATCH($B15, Attendance_data!$E$3:$BI$3, 0) + 4)), "P" ) / ( COUNTIFS( Attendance_data!$B$4:$B$1000,S$4, INDIRECT("Attendance_data!" & ADDRESS(4, MATCH($B15, Attendance_data!$E$3:$BI$3, 0) + 4) & ":" & ADDRESS(1000, MATCH($B15, Attendance_data!$E$3:$BI$3, 0) + 4)), "P" ) + COUNTIFS( Attendance_data!$B$4:$B$1000,S$4, INDIRECT("Attendance_data!" & ADDRESS(4, MATCH($B15, Attendance_data!$E$3:$BI$3, 0) + 4) & ":" & ADDRESS(1000, MATCH($B15, Attendance_data!$E$3:$BI$3, 0) + 4)), "A" ) ),"")} -> 0.95454545 | T15: {=IFERROR( COUNTIFS(Attendance_data!$B$4:$B$1000,T$4, INDIRECT("Attendance_data!" & ADDRESS(4, MATCH($B15, Attendance_data!$E$3:$BI$3, 0) + 4) & ":" & ADDRESS(1000, MATCH($B15, Attendance_data!$E$3:$BI$3, 0) + 4)), "P" ) / ( COUNTIFS( Attendance_data!$B$4:$B$1000,T$4, INDIRECT("Attendance_data!" & ADDRESS(4, MATCH($B15, Attendance_data!$E$3:$BI$3, 0) + 4) & ":" & ADDRESS(1000, MATCH($B15, Attendance_data!$E$3:$BI$3, 0) + 4)), "P" ) + COUNTIFS( Attendance_data!$B$4:$B$1000,T$4, INDIRECT("Attendance_data!" & ADDRESS(4, MATCH($B15, Attendance_data!$E$3:$BI$3, 0) + 4) & ":" & ADDRESS(1000, MATCH($B15, Attendance_data!$E$3:$BI$3, 0) + 4)), "A" ) ),"")} -> 1 | U15: {=IFERROR( COUNTIFS(Attendance_data!$B$4:$B$1000,U$4, INDIRECT("Attendance_data!" & ADDRESS(4, MATCH($B15, Attendance_data!$E$3:$BI$3, 0) + 4) & ":" & ADDRESS(1000, MATCH($B15, Attendance_data!$E$3:$BI$3, 0) + 4)), "P" ) / ( COUNTIFS( Attendance_data!$B$4:$B$1000,U$4, INDIRECT("Attendance_data!" & ADDRESS(4, MATCH($B15, Attendance_data!$E$3:$BI$3, 0) + 4) & ":" & ADDRESS(1000, MATCH($B15, Attendance_data!$E$3:$BI$3, 0) + 4)), "P" ) + COUNTIFS( Attendance_data!$B$4:$B$1000,U$4, INDIRECT("Attendance_data!" & ADDRESS(4, MATCH($B15, Attendance_data!$E$3:$BI$3, 0) + 4) & ":" & ADDRESS(1000, MATCH($B15, Attendance_data!$E$3:$BI$3, 0) + 4)), "A" ) ),"")} -> 1 | V15: {=IFERROR( COUNTIFS(Attendance_data!$B$4:$B$1000,V$4, INDIRECT("Attendance_data!" & ADDRESS(4, MATCH($B15, Attendance_data!$E$3:$BI$3, 0) + 4) & ":" & ADDRESS(1000, MATCH($B15, Attendance_data!$E$3:$BI$3, 0) + 4)), "P" ) / ( COUNTIFS( Attendance_data!$B$4:$B$1000,V$4, INDIRECT("Attendance_data!" & ADDRESS(4, MATCH($B15, Attendance_data!$E$3:$BI$3, 0) + 4) & ":" & ADDRESS(1000, MATCH($B15, Attendance_data!$E$3:$BI$3, 0) + 4)), "P" ) + COUNTIFS( Attendance_data!$B$4:$B$1000,V$4, INDIRECT("Attendance_data!" & ADDRESS(4, MATCH($B15, Attendance_data!$E$3:$BI$3, 0) + 4) & ":" & ADDRESS(1000, MATCH($B15, Attendance_data!$E$3:$BI$3, 0) + 4)), "A" ) ),"")} -> 1 | W15: {=IFERROR( COUNTIFS(Attendance_data!$B$4:$B$1000,W$4, INDIRECT("Attendance_data!" & ADDRESS(4, MATCH($B15, Attendance_data!$E$3:$BI$3, 0) + 4) & ":" & ADDRESS(1000, MATCH($B15, Attendance_data!$E$3:$BI$3, 0) + 4)), "P" ) / ( COUNTIFS( Attendance_data!$B$4:$B$1000,W$4, INDIRECT("Attendance_data!" & ADDRESS(4, MATCH($B15, Attendance_data!$E$3:$BI$3, 0) + 4) & ":" & ADDRESS(1000, MATCH($B15, Attendance_data!$E$3:$BI$3, 0) + 4)), "P" ) + COUNTIFS( Attendance_data!$B$4:$B$1000,W$4, INDIRECT("Attendance_data!" & ADDRESS(4, MATCH($B15, Attendance_data!$E$3:$BI$3, 0) + 4) & ":" & ADDRESS(1000, MATCH($B15, Attendance_data!$E$3:$BI$3, 0) + 4)), "A" ) ),"")} -> 0.96 | ... AA15: {=IFERROR( COUNTIFS(Attendance_data!$B$4:$B$1000,AA$4, INDIRECT("Attendance_data!" & ADDRESS(4, MATCH($B15, Attendance_data!$E$3:$BI$3, 0) + 4) & ":" & ADDRESS(1000, MATCH($B15, Attendance_data!$E$3:$BI$3, 0) + 4)), "P" ) / ( COUNTIFS( Attendance_data!$B$4:$B$1000,AA$4, INDIRECT("Attendance_data!" & ADDRESS(4, MATCH($B15, Attendance_data!$E$3:$BI$3, 0) + 4) & ":" & ADDRESS(1000, MATCH($B15, Attendance_data!$E$3:$BI$3, 0) + 4)), "P" ) + COUNTIFS( Attendance_data!$B$4:$B$1000,AA$4, INDIRECT("Attendance_data!" & ADDRESS(4, MATCH($B15, Attendance_data!$E$3:$BI$3, 0) + 4) & ":" & ADDRESS(1000, MATCH($B15, Attendance_data!$E$3:$BI$3, 0) + 4)), "A" ) ),"")} | AB15: =AVERAGEIF(P15:Z15,">0") -> 0.94082448
A16: =ROW()-4 -> 12 | B16: NMUD62 | C16: Sachin Gangaram Sahani | D16: 9th | E16: Boy | F16: 9137883007 | G16: Playing and reading | H16: 2023 | I16: Active | J16: 23 | K16: 28 | L16: 27 | M16: 27 | N16: 27 | O16: 22 | P16: {=IFERROR( COUNTIFS(Attendance_data!$B$4:$B$1000,P$4, INDIRECT("Attendance_data!" & ADDRESS(4, MATCH($B16, Attendance_data!$E$3:$BI$3, 0) + 4) & ":" & ADDRESS(1000, MATCH($B16, Attendance_data!$E$3:$BI$3, 0) + 4)), "P" ) / ( COUNTIFS( Attendance_data!$B$4:$B$1000,P$4, INDIRECT("Attendance_data!" & ADDRESS(4, MATCH($B16, Attendance_data!$E$3:$BI$3, 0) + 4) & ":" & ADDRESS(1000, MATCH($B16, Attendance_data!$E$3:$BI$3, 0) + 4)), "P" ) + COUNTIFS( Attendance_data!$B$4:$B$1000,P$4, INDIRECT("Attendance_data!" & ADDRESS(4, MATCH($B16, Attendance_data!$E$3:$BI$3, 0) + 4) & ":" & ADDRESS(1000, MATCH($B16, Attendance_data!$E$3:$BI$3, 0) + 4)), "A" ) ),"")} -> 0.9047619 | Q16: {=IFERROR( COUNTIFS(Attendance_data!$B$4:$B$1000,Q$4, INDIRECT("Attendance_data!" & ADDRESS(4, MATCH($B16, Attendance_data!$E$3:$BI$3, 0) + 4) & ":" & ADDRESS(1000, MATCH($B16, Attendance_data!$E$3:$BI$3, 0) + 4)), "P" ) / ( COUNTIFS( Attendance_data!$B$4:$B$1000,Q$4, INDIRECT("Attendance_data!" & ADDRESS(4, MATCH($B16, Attendance_data!$E$3:$BI$3, 0) + 4) & ":" & ADDRESS(1000, MATCH($B16, Attendance_data!$E$3:$BI$3, 0) + 4)), "P" ) + COUNTIFS( Attendance_data!$B$4:$B$1000,Q$4, INDIRECT("Attendance_data!" & ADDRESS(4, MATCH($B16, Attendance_data!$E$3:$BI$3, 0) + 4) & ":" & ADDRESS(1000, MATCH($B16, Attendance_data!$E$3:$BI$3, 0) + 4)), "A" ) ),"")} -> 0.53846154 | R16: {=IFERROR( COUNTIFS(Attendance_data!$B$4:$B$1000,R$4, INDIRECT("Attendance_data!" & ADDRESS(4, MATCH($B16, Attendance_data!$E$3:$BI$3, 0) + 4) & ":" & ADDRESS(1000, MATCH($B16, Attendance_data!$E$3:$BI$3, 0) + 4)), "P" ) / ( COUNTIFS( Attendance_data!$B$4:$B$1000,R$4, INDIRECT("Attendance_data!" & ADDRESS(4, MATCH($B16, Attendance_data!$E$3:$BI$3, 0) + 4) & ":" & ADDRESS(1000, MATCH($B16, Attendance_data!$E$3:$BI$3, 0) + 4)), "P" ) + COUNTIFS( Attendance_data!$B$4:$B$1000,R$4, INDIRECT("Attendance_data!" & ADDRESS(4, MATCH($B16, Attendance_data!$E$3:$BI$3, 0) + 4) & ":" & ADDRESS(1000, MATCH($B16, Attendance_data!$E$3:$BI$3, 0) + 4)), "A" ) ),"")} -> 0.73684211 | S16: {=IFERROR( COUNTIFS(Attendance_data!$B$4:$B$1000,S$4, INDIRECT("Attendance_data!" & ADDRESS(4, MATCH($B16, Attendance_data!$E$3:$BI$3, 0) + 4) & ":" & ADDRESS(1000, MATCH($B16, Attendance_data!$E$3:$BI$3, 0) + 4)), "P" ) / ( COUNTIFS( Attendance_data!$B$4:$B$1000,S$4, INDIRECT("Attendance_data!" & ADDRESS(4, MATCH($B16, Attendance_data!$E$3:$BI$3, 0) + 4) & ":" & ADDRESS(1000, MATCH($B16, Attendance_data!$E$3:$BI$3, 0) + 4)), "P" ) + COUNTIFS( Attendance_data!$B$4:$B$1000,S$4, INDIRECT("Attendance_data!" & ADDRESS(4, MATCH($B16, Attendance_data!$E$3:$BI$3, 0) + 4) & ":" & ADDRESS(1000, MATCH($B16, Attendance_data!$E$3:$BI$3, 0) + 4)), "A" ) ),"")} -> 0.86363636 | T16: {=IFERROR( COUNTIFS(Attendance_data!$B$4:$B$1000,T$4, INDIRECT("Attendance_data!" & ADDRESS(4, MATCH($B16, Attendance_data!$E$3:$BI$3, 0) + 4) & ":" & ADDRESS(1000, MATCH($B16, Attendance_data!$E$3:$BI$3, 0) + 4)), "P" ) / ( COUNTIFS( Attendance_data!$B$4:$B$1000,T$4, INDIRECT("Attendance_data!" & ADDRESS(4, MATCH($B16, Attendance_data!$E$3:$BI$3, 0) + 4) & ":" & ADDRESS(1000, MATCH($B16, Attendance_data!$E$3:$BI$3, 0) + 4)), "P" ) + COUNTIFS( Attendance_data!$B$4:$B$1000,T$4, INDIRECT("Attendance_data!" & ADDRESS(4, MATCH($B16, Attendance_data!$E$3:$BI$3, 0) + 4) & ":" & ADDRESS(1000, MATCH($B16, Attendance_data!$E$3:$BI$3, 0) + 4)), "A" ) ),"")} -> 1 | U16: {=IFERROR( COUNTIFS(Attendance_data!$B$4:$B$1000,U$4, INDIRECT("Attendance_data!" & ADDRESS(4, MATCH($B16, Attendance_data!$E$3:$BI$3, 0) + 4) & ":" & ADDRESS(1000, MATCH($B16, Attendance_data!$E$3:$BI$3, 0) + 4)), "P" ) / ( COUNTIFS( Attendance_data!$B$4:$B$1000,U$4, INDIRECT("Attendance_data!" & ADDRESS(4, MATCH($B16, Attendance_data!$E$3:$BI$3, 0) + 4) & ":" & ADDRESS(1000, MATCH($B16, Attendance_data!$E$3:$BI$3, 0) + 4)), "P" ) + COUNTIFS( Attendance_data!$B$4:$B$1000,U$4, INDIRECT("Attendance_data!" & ADDRESS(4, MATCH($B16, Attendance_data!$E$3:$BI$3, 0) + 4) & ":" & ADDRESS(1000, MATCH($B16, Attendance_data!$E$3:$BI$3, 0) + 4)), "A" ) ),"")} -> 0.96 | V16: {=IFERROR( COUNTIFS(Attendance_data!$B$4:$B$1000,V$4, INDIRECT("Attendance_data!" & ADDRESS(4, MATCH($B16, Attendance_data!$E$3:$BI$3, 0) + 4) & ":" & ADDRESS(1000, MATCH($B16, Attendance_data!$E$3:$BI$3, 0) + 4)), "P" ) / ( COUNTIFS( Attendance_data!$B$4:$B$1000,V$4, INDIRECT("Attendance_data!" & ADDRESS(4, MATCH($B16, Attendance_data!$E$3:$BI$3, 0) + 4) & ":" & ADDRESS(1000, MATCH($B16, Attendance_data!$E$3:$BI$3, 0) + 4)), "P" ) + COUNTIFS( Attendance_data!$B$4:$B$1000,V$4, INDIRECT("Attendance_data!" & ADDRESS(4, MATCH($B16, Attendance_data!$E$3:$BI$3, 0) + 4) & ":" & ADDRESS(1000, MATCH($B16, Attendance_data!$E$3:$BI$3, 0) + 4)), "A" ) ),"")} -> 0.88 | W16: {=IFERROR( COUNTIFS(Attendance_data!$B$4:$B$1000,W$4, INDIRECT("Attendance_data!" & ADDRESS(4, MATCH($B16, Attendance_data!$E$3:$BI$3, 0) + 4) & ":" & ADDRESS(1000, MATCH($B16, Attendance_data!$E$3:$BI$3, 0) + 4)), "P" ) / ( COUNTIFS( Attendance_data!$B$4:$B$1000,W$4, INDIRECT("Attendance_data!" & ADDRESS(4, MATCH($B16, Attendance_data!$E$3:$BI$3, 0) + 4) & ":" & ADDRESS(1000, MATCH($B16, Attendance_data!$E$3:$BI$3, 0) + 4)), "P" ) + COUNTIFS( Attendance_data!$B$4:$B$1000,W$4, INDIRECT("Attendance_data!" & ADDRESS(4, MATCH($B16, Attendance_data!$E$3:$BI$3, 0) + 4) & ":" & ADDRESS(1000, MATCH($B16, Attendance_data!$E$3:$BI$3, 0) + 4)), "A" ) ),"")} -> 0.96 | ... AA16: {=IFERROR( COUNTIFS(Attendance_data!$B$4:$B$1000,AA$4, INDIRECT("Attendance_data!" & ADDRESS(4, MATCH($B16, Attendance_data!$E$3:$BI$3, 0) + 4) & ":" & ADDRESS(1000, MATCH($B16, Attendance_data!$E$3:$BI$3, 0) + 4)), "P" ) / ( COUNTIFS( Attendance_data!$B$4:$B$1000,AA$4, INDIRECT("Attendance_data!" & ADDRESS(4, MATCH($B16, Attendance_data!$E$3:$BI$3, 0) + 4) & ":" & ADDRESS(1000, MATCH($B16, Attendance_data!$E$3:$BI$3, 0) + 4)), "P" ) + COUNTIFS( Attendance_data!$B$4:$B$1000,AA$4, INDIRECT("Attendance_data!" & ADDRESS(4, MATCH($B16, Attendance_data!$E$3:$BI$3, 0) + 4) & ":" & ADDRESS(1000, MATCH($B16, Attendance_data!$E$3:$BI$3, 0) + 4)), "A" ) ),"")} | AB16: =AVERAGEIF(P16:Z16,">0") -> 0.86674346
A17: =ROW()-4 -> 13 | B17: NMUD63 | C17: Aarohi Ravi Hatkar | D17: 5th | E17: Girl | F17: 7021773274 | G17: Skipping | H17: 2023 | I17: Active | J17: 15 | K17: 25 | L17: 26 | M17: 15 | N17: 27 | O17: 20 | P17: {=IFERROR( COUNTIFS(Attendance_data!$B$4:$B$1000,P$4, INDIRECT("Attendance_data!" & ADDRESS(4, MATCH($B17, Attendance_data!$E$3:$BI$3, 0) + 4) & ":" & ADDRESS(1000, MATCH($B17, Attendance_data!$E$3:$BI$3, 0) + 4)), "P" ) / ( COUNTIFS( Attendance_data!$B$4:$B$1000,P$4, INDIRECT("Attendance_data!" & ADDRESS(4, MATCH($B17, Attendance_data!$E$3:$BI$3, 0) + 4) & ":" & ADDRESS(1000, MATCH($B17, Attendance_data!$E$3:$BI$3, 0) + 4)), "P" ) + COUNTIFS( Attendance_data!$B$4:$B$1000,P$4, INDIRECT("Attendance_data!" & ADDRESS(4, MATCH($B17, Attendance_data!$E$3:$BI$3, 0) + 4) & ":" & ADDRESS(1000, MATCH($B17, Attendance_data!$E$3:$BI$3, 0) + 4)), "A" ) ),"")} -> 0.71428571 | Q17: {=IFERROR( COUNTIFS(Attendance_data!$B$4:$B$1000,Q$4, INDIRECT("Attendance_data!" & ADDRESS(4, MATCH($B17, Attendance_data!$E$3:$BI$3, 0) + 4) & ":" & ADDRESS(1000, MATCH($B17, Attendance_data!$E$3:$BI$3, 0) + 4)), "P" ) / ( COUNTIFS( Attendance_data!$B$4:$B$1000,Q$4, INDIRECT("Attendance_data!" & ADDRESS(4, MATCH($B17, Attendance_data!$E$3:$BI$3, 0) + 4) & ":" & ADDRESS(1000, MATCH($B17, Attendance_data!$E$3:$BI$3, 0) + 4)), "P" ) + COUNTIFS( Attendance_data!$B$4:$B$1000,Q$4, INDIRECT("Attendance_data!" & ADDRESS(4, MATCH($B17, Attendance_data!$E$3:$BI$3, 0) + 4) & ":" & ADDRESS(1000, MATCH($B17, Attendance_data!$E$3:$BI$3, 0) + 4)), "A" ) ),"")} -> 0.5 | R17: {=IFERROR( COUNTIFS(Attendance_data!$B$4:$B$1000,R$4, INDIRECT("Attendance_data!" & ADDRESS(4, MATCH($B17, Attendance_data!$E$3:$BI$3, 0) + 4) & ":" & ADDRESS(1000, MATCH($B17, Attendance_data!$E$3:$BI$3, 0) + 4)), "P" ) / ( COUNTIFS( Attendance_data!$B$4:$B$1000,R$4, INDIRECT("Attendance_data!" & ADDRESS(4, MATCH($B17, Attendance_data!$E$3:$BI$3, 0) + 4) & ":" & ADDRESS(1000, MATCH($B17, Attendance_data!$E$3:$BI$3, 0) + 4)), "P" ) + COUNTIFS( Attendance_data!$B$4:$B$1000,R$4, INDIRECT("Attendance_data!" & ADDRESS(4, MATCH($B17, Attendance_data!$E$3:$BI$3, 0) + 4) & ":" & ADDRESS(1000, MATCH($B17, Attendance_data!$E$3:$BI$3, 0) + 4)), "A" ) ),"")} -> 0.94736842 | S17: {=IFERROR( COUNTIFS(Attendance_data!$B$4:$B$1000,S$4, INDIRECT("Attendance_data!" & ADDRESS(4, MATCH($B17, Attendance_data!$E$3:$BI$3, 0) + 4) & ":" & ADDRESS(1000, MATCH($B17, Attendance_data!$E$3:$BI$3, 0) + 4)), "P" ) / ( COUNTIFS( Attendance_data!$B$4:$B$1000,S$4, INDIRECT("Attendance_data!" & ADDRESS(4, MATCH($B17, Attendance_data!$E$3:$BI$3, 0) + 4) & ":" & ADDRESS(1000, MATCH($B17, Attendance_data!$E$3:$BI$3, 0) + 4)), "P" ) + COUNTIFS( Attendance_data!$B$4:$B$1000,S$4, INDIRECT("Attendance_data!" & ADDRESS(4, MATCH($B17, Attendance_data!$E$3:$BI$3, 0) + 4) & ":" & ADDRESS(1000, MATCH($B17, Attendance_data!$E$3:$BI$3, 0) + 4)), "A" ) ),"")} -> 0.95454545 | T17: {=IFERROR( COUNTIFS(Attendance_data!$B$4:$B$1000,T$4, INDIRECT("Attendance_data!" & ADDRESS(4, MATCH($B17, Attendance_data!$E$3:$BI$3, 0) + 4) & ":" & ADDRESS(1000, MATCH($B17, Attendance_data!$E$3:$BI$3, 0) + 4)), "P" ) / ( COUNTIFS( Attendance_data!$B$4:$B$1000,T$4, INDIRECT("Attendance_data!" & ADDRESS(4, MATCH($B17, Attendance_data!$E$3:$BI$3, 0) + 4) & ":" & ADDRESS(1000, MATCH($B17, Attendance_data!$E$3:$BI$3, 0) + 4)), "P" ) + COUNTIFS( Attendance_data!$B$4:$B$1000,T$4, INDIRECT("Attendance_data!" & ADDRESS(4, MATCH($B17, Attendance_data!$E$3:$BI$3, 0) + 4) & ":" & ADDRESS(1000, MATCH($B17, Attendance_data!$E$3:$BI$3, 0) + 4)), "A" ) ),"")} -> 0.95 | U17: {=IFERROR( COUNTIFS(Attendance_data!$B$4:$B$1000,U$4, INDIRECT("Attendance_data!" & ADDRESS(4, MATCH($B17, Attendance_data!$E$3:$BI$3, 0) + 4) & ":" & ADDRESS(1000, MATCH($B17, Attendance_data!$E$3:$BI$3, 0) + 4)), "P" ) / ( COUNTIFS( Attendance_data!$B$4:$B$1000,U$4, INDIRECT("Attendance_data!" & ADDRESS(4, MATCH($B17, Attendance_data!$E$3:$BI$3, 0) + 4) & ":" & ADDRESS(1000, MATCH($B17, Attendance_data!$E$3:$BI$3, 0) + 4)), "P" ) + COUNTIFS( Attendance_data!$B$4:$B$1000,U$4, INDIRECT("Attendance_data!" & ADDRESS(4, MATCH($B17, Attendance_data!$E$3:$BI$3, 0) + 4) & ":" & ADDRESS(1000, MATCH($B17, Attendance_data!$E$3:$BI$3, 0) + 4)), "A" ) ),"")} -> 0.92 | V17: {=IFERROR( COUNTIFS(Attendance_data!$B$4:$B$1000,V$4, INDIRECT("Attendance_data!" & ADDRESS(4, MATCH($B17, Attendance_data!$E$3:$BI$3, 0) + 4) & ":" & ADDRESS(1000, MATCH($B17, Attendance_data!$E$3:$BI$3, 0) + 4)), "P" ) / ( COUNTIFS( Attendance_data!$B$4:$B$1000,V$4, INDIRECT("Attendance_data!" & ADDRESS(4, MATCH($B17, Attendance_data!$E$3:$BI$3, 0) + 4) & ":" & ADDRESS(1000, MATCH($B17, Attendance_data!$E$3:$BI$3, 0) + 4)), "P" ) + COUNTIFS( Attendance_data!$B$4:$B$1000,V$4, INDIRECT("Attendance_data!" & ADDRESS(4, MATCH($B17, Attendance_data!$E$3:$BI$3, 0) + 4) & ":" & ADDRESS(1000, MATCH($B17, Attendance_data!$E$3:$BI$3, 0) + 4)), "A" ) ),"")} -> 0.92 | W17: {=IFERROR( COUNTIFS(Attendance_data!$B$4:$B$1000,W$4, INDIRECT("Attendance_data!" & ADDRESS(4, MATCH($B17, Attendance_data!$E$3:$BI$3, 0) + 4) & ":" & ADDRESS(1000, MATCH($B17, Attendance_data!$E$3:$BI$3, 0) + 4)), "P" ) / ( COUNTIFS( Attendance_data!$B$4:$B$1000,W$4, INDIRECT("Attendance_data!" & ADDRESS(4, MATCH($B17, Attendance_data!$E$3:$BI$3, 0) + 4) & ":" & ADDRESS(1000, MATCH($B17, Attendance_data!$E$3:$BI$3, 0) + 4)), "P" ) + COUNTIFS( Attendance_data!$B$4:$B$1000,W$4, INDIRECT("Attendance_data!" & ADDRESS(4, MATCH($B17, Attendance_data!$E$3:$BI$3, 0) + 4) & ":" & ADDRESS(1000, MATCH($B17, Attendance_data!$E$3:$BI$3, 0) + 4)), "A" ) ),"")} -> 1 | ... AA17: {=IFERROR( COUNTIFS(Attendance_data!$B$4:$B$1000,AA$4, INDIRECT("Attendance_data!" & ADDRESS(4, MATCH($B17, Attendance_data!$E$3:$BI$3, 0) + 4) & ":" & ADDRESS(1000, MATCH($B17, Attendance_data!$E$3:$BI$3, 0) + 4)), "P" ) / ( COUNTIFS( Attendance_data!$B$4:$B$1000,AA$4, INDIRECT("Attendance_data!" & ADDRESS(4, MATCH($B17, Attendance_data!$E$3:$BI$3, 0) + 4) & ":" & ADDRESS(1000, MATCH($B17, Attendance_data!$E$3:$BI$3, 0) + 4)), "P" ) + COUNTIFS( Attendance_data!$B$4:$B$1000,AA$4, INDIRECT("Attendance_data!" & ADDRESS(4, MATCH($B17, Attendance_data!$E$3:$BI$3, 0) + 4) & ":" & ADDRESS(1000, MATCH($B17, Attendance_data!$E$3:$BI$3, 0) + 4)), "A" ) ),"")} | AB17: =AVERAGEIF(P17:Z17,">0") -> 0.88667471
A18: =ROW()-4 -> 14 | B18: NMUD70 | C18: Manav Ganesh Shinde | D18: 7th | E18: Boy | F18: 9987974116 | G18: Playing Cricket | H18: 2024 | I18: Active | J18: 28 | K18: 27 | L18: 29 | M18: 29 | N18: 30 | O18: 24 | P18: {=IFERROR( COUNTIFS(Attendance_data!$B$4:$B$1000,P$4, INDIRECT("Attendance_data!" & ADDRESS(4, MATCH($B18, Attendance_data!$E$3:$BI$3, 0) + 4) & ":" & ADDRESS(1000, MATCH($B18, Attendance_data!$E$3:$BI$3, 0) + 4)), "P" ) / ( COUNTIFS( Attendance_data!$B$4:$B$1000,P$4, INDIRECT("Attendance_data!" & ADDRESS(4, MATCH($B18, Attendance_data!$E$3:$BI$3, 0) + 4) & ":" & ADDRESS(1000, MATCH($B18, Attendance_data!$E$3:$BI$3, 0) + 4)), "P" ) + COUNTIFS( Attendance_data!$B$4:$B$1000,P$4, INDIRECT("Attendance_data!" & ADDRESS(4, MATCH($B18, Attendance_data!$E$3:$BI$3, 0) + 4) & ":" & ADDRESS(1000, MATCH($B18, Attendance_data!$E$3:$BI$3, 0) + 4)), "A" ) ),"")} -> 0.9047619 | Q18: {=IFERROR( COUNTIFS(Attendance_data!$B$4:$B$1000,Q$4, INDIRECT("Attendance_data!" & ADDRESS(4, MATCH($B18, Attendance_data!$E$3:$BI$3, 0) + 4) & ":" & ADDRESS(1000, MATCH($B18, Attendance_data!$E$3:$BI$3, 0) + 4)), "P" ) / ( COUNTIFS( Attendance_data!$B$4:$B$1000,Q$4, INDIRECT("Attendance_data!" & ADDRESS(4, MATCH($B18, Attendance_data!$E$3:$BI$3, 0) + 4) & ":" & ADDRESS(1000, MATCH($B18, Attendance_data!$E$3:$BI$3, 0) + 4)), "P" ) + COUNTIFS( Attendance_data!$B$4:$B$1000,Q$4, INDIRECT("Attendance_data!" & ADDRESS(4, MATCH($B18, Attendance_data!$E$3:$BI$3, 0) + 4) & ":" & ADDRESS(1000, MATCH($B18, Attendance_data!$E$3:$BI$3, 0) + 4)), "A" ) ),"")} -> 0.88461538 | R18: {=IFERROR( COUNTIFS(Attendance_data!$B$4:$B$1000,R$4, INDIRECT("Attendance_data!" & ADDRESS(4, MATCH($B18, Attendance_data!$E$3:$BI$3, 0) + 4) & ":" & ADDRESS(1000, MATCH($B18, Attendance_data!$E$3:$BI$3, 0) + 4)), "P" ) / ( COUNTIFS( Attendance_data!$B$4:$B$1000,R$4, INDIRECT("Attendance_data!" & ADDRESS(4, MATCH($B18, Attendance_data!$E$3:$BI$3, 0) + 4) & ":" & ADDRESS(1000, MATCH($B18, Attendance_data!$E$3:$BI$3, 0) + 4)), "P" ) + COUNTIFS( Attendance_data!$B$4:$B$1000,R$4, INDIRECT("Attendance_data!" & ADDRESS(4, MATCH($B18, Attendance_data!$E$3:$BI$3, 0) + 4) & ":" & ADDRESS(1000, MATCH($B18, Attendance_data!$E$3:$BI$3, 0) + 4)), "A" ) ),"")} -> 0.68421053 | S18: {=IFERROR( COUNTIFS(Attendance_data!$B$4:$B$1000,S$4, INDIRECT("Attendance_data!" & ADDRESS(4, MATCH($B18, Attendance_data!$E$3:$BI$3, 0) + 4) & ":" & ADDRESS(1000, MATCH($B18, Attendance_data!$E$3:$BI$3, 0) + 4)), "P" ) / ( COUNTIFS( Attendance_data!$B$4:$B$1000,S$4, INDIRECT("Attendance_data!" & ADDRESS(4, MATCH($B18, Attendance_data!$E$3:$BI$3, 0) + 4) & ":" & ADDRESS(1000, MATCH($B18, Attendance_data!$E$3:$BI$3, 0) + 4)), "P" ) + COUNTIFS( Attendance_data!$B$4:$B$1000,S$4, INDIRECT("Attendance_data!" & ADDRESS(4, MATCH($B18, Attendance_data!$E$3:$BI$3, 0) + 4) & ":" & ADDRESS(1000, MATCH($B18, Attendance_data!$E$3:$BI$3, 0) + 4)), "A" ) ),"")} -> 0.72727273 | T18: {=IFERROR( COUNTIFS(Attendance_data!$B$4:$B$1000,T$4, INDIRECT("Attendance_data!" & ADDRESS(4, MATCH($B18, Attendance_data!$E$3:$BI$3, 0) + 4) & ":" & ADDRESS(1000, MATCH($B18, Attendance_data!$E$3:$BI$3, 0) + 4)), "P" ) / ( COUNTIFS( Attendance_data!$B$4:$B$1000,T$4, INDIRECT("Attendance_data!" & ADDRESS(4, MATCH($B18, Attendance_data!$E$3:$BI$3, 0) + 4) & ":" & ADDRESS(1000, MATCH($B18, Attendance_data!$E$3:$BI$3, 0) + 4)), "P" ) + COUNTIFS( Attendance_data!$B$4:$B$1000,T$4, INDIRECT("Attendance_data!" & ADDRESS(4, MATCH($B18, Attendance_data!$E$3:$BI$3, 0) + 4) & ":" & ADDRESS(1000, MATCH($B18, Attendance_data!$E$3:$BI$3, 0) + 4)), "A" ) ),"")} -> 0.7 | U18: {=IFERROR( COUNTIFS(Attendance_data!$B$4:$B$1000,U$4, INDIRECT("Attendance_data!" & ADDRESS(4, MATCH($B18, Attendance_data!$E$3:$BI$3, 0) + 4) & ":" & ADDRESS(1000, MATCH($B18, Attendance_data!$E$3:$BI$3, 0) + 4)), "P" ) / ( COUNTIFS( Attendance_data!$B$4:$B$1000,U$4, INDIRECT("Attendance_data!" & ADDRESS(4, MATCH($B18, Attendance_data!$E$3:$BI$3, 0) + 4) & ":" & ADDRESS(1000, MATCH($B18, Attendance_data!$E$3:$BI$3, 0) + 4)), "P" ) + COUNTIFS( Attendance_data!$B$4:$B$1000,U$4, INDIRECT("Attendance_data!" & ADDRESS(4, MATCH($B18, Attendance_data!$E$3:$BI$3, 0) + 4) & ":" & ADDRESS(1000, MATCH($B18, Attendance_data!$E$3:$BI$3, 0) + 4)), "A" ) ),"")} -> 0.96 | V18: {=IFERROR( COUNTIFS(Attendance_data!$B$4:$B$1000,V$4, INDIRECT("Attendance_data!" & ADDRESS(4, MATCH($B18, Attendance_data!$E$3:$BI$3, 0) + 4) & ":" & ADDRESS(1000, MATCH($B18, Attendance_data!$E$3:$BI$3, 0) + 4)), "P" ) / ( COUNTIFS( Attendance_data!$B$4:$B$1000,V$4, INDIRECT("Attendance_data!" & ADDRESS(4, MATCH($B18, Attendance_data!$E$3:$BI$3, 0) + 4) & ":" & ADDRESS(1000, MATCH($B18, Attendance_data!$E$3:$BI$3, 0) + 4)), "P" ) + COUNTIFS( Attendance_data!$B$4:$B$1000,V$4, INDIRECT("Attendance_data!" & ADDRESS(4, MATCH($B18, Attendance_data!$E$3:$BI$3, 0) + 4) & ":" & ADDRESS(1000, MATCH($B18, Attendance_data!$E$3:$BI$3, 0) + 4)), "A" ) ),"")} -> 0.84 | W18: {=IFERROR( COUNTIFS(Attendance_data!$B$4:$B$1000,W$4, INDIRECT("Attendance_data!" & ADDRESS(4, MATCH($B18, Attendance_data!$E$3:$BI$3, 0) + 4) & ":" & ADDRESS(1000, MATCH($B18, Attendance_data!$E$3:$BI$3, 0) + 4)), "P" ) / ( COUNTIFS( Attendance_data!$B$4:$B$1000,W$4, INDIRECT("Attendance_data!" & ADDRESS(4, MATCH($B18, Attendance_data!$E$3:$BI$3, 0) + 4) & ":" & ADDRESS(1000, MATCH($B18, Attendance_data!$E$3:$BI$3, 0) + 4)), "P" ) + COUNTIFS( Attendance_data!$B$4:$B$1000,W$4, INDIRECT("Attendance_data!" & ADDRESS(4, MATCH($B18, Attendance_data!$E$3:$BI$3, 0) + 4) & ":" & ADDRESS(1000, MATCH($B18, Attendance_data!$E$3:$BI$3, 0) + 4)), "A" ) ),"")} -> 0.84 | ... AA18: {=IFERROR( COUNTIFS(Attendance_data!$B$4:$B$1000,AA$4, INDIRECT("Attendance_data!" & ADDRESS(4, MATCH($B18, Attendance_data!$E$3:$BI$3, 0) + 4) & ":" & ADDRESS(1000, MATCH($B18, Attendance_data!$E$3:$BI$3, 0) + 4)), "P" ) / ( COUNTIFS( Attendance_data!$B$4:$B$1000,AA$4, INDIRECT("Attendance_data!" & ADDRESS(4, MATCH($B18, Attendance_data!$E$3:$BI$3, 0) + 4) & ":" & ADDRESS(1000, MATCH($B18, Attendance_data!$E$3:$BI$3, 0) + 4)), "P" ) + COUNTIFS( Attendance_data!$B$4:$B$1000,AA$4, INDIRECT("Attendance_data!" & ADDRESS(4, MATCH($B18, Attendance_data!$E$3:$BI$3, 0) + 4) & ":" & ADDRESS(1000, MATCH($B18, Attendance_data!$E$3:$BI$3, 0) + 4)), "A" ) ),"")} | AB18: =AVERAGEIF(P18:Z18,">0") -> 0.80999165
A19: =ROW()-4 -> 15 | B19: NMUD73 | C19: Anjali Surendra Paswan | D19: 3rd | E19: Girl | F19: 7715903788 | G19: Craft | H19: 2025 | I19: Active | J19: 10 | K19: 14 | L19: 15 | M19: 16 | N19: 17 | O19: 20 | P19: {=IFERROR( COUNTIFS(Attendance_data!$B$4:$B$1000,P$4, INDIRECT("Attendance_data!" & ADDRESS(4, MATCH($B19, Attendance_data!$E$3:$BI$3, 0) + 4) & ":" & ADDRESS(1000, MATCH($B19, Attendance_data!$E$3:$BI$3, 0) + 4)), "P" ) / ( COUNTIFS( Attendance_data!$B$4:$B$1000,P$4, INDIRECT("Attendance_data!" & ADDRESS(4, MATCH($B19, Attendance_data!$E$3:$BI$3, 0) + 4) & ":" & ADDRESS(1000, MATCH($B19, Attendance_data!$E$3:$BI$3, 0) + 4)), "P" ) + COUNTIFS( Attendance_data!$B$4:$B$1000,P$4, INDIRECT("Attendance_data!" & ADDRESS(4, MATCH($B19, Attendance_data!$E$3:$BI$3, 0) + 4) & ":" & ADDRESS(1000, MATCH($B19, Attendance_data!$E$3:$BI$3, 0) + 4)), "A" ) ),"")} -> 0.71428571 | Q19: {=IFERROR( COUNTIFS(Attendance_data!$B$4:$B$1000,Q$4, INDIRECT("Attendance_data!" & ADDRESS(4, MATCH($B19, Attendance_data!$E$3:$BI$3, 0) + 4) & ":" & ADDRESS(1000, MATCH($B19, Attendance_data!$E$3:$BI$3, 0) + 4)), "P" ) / ( COUNTIFS( Attendance_data!$B$4:$B$1000,Q$4, INDIRECT("Attendance_data!" & ADDRESS(4, MATCH($B19, Attendance_data!$E$3:$BI$3, 0) + 4) & ":" & ADDRESS(1000, MATCH($B19, Attendance_data!$E$3:$BI$3, 0) + 4)), "P" ) + COUNTIFS( Attendance_data!$B$4:$B$1000,Q$4, INDIRECT("Attendance_data!" & ADDRESS(4, MATCH($B19, Attendance_data!$E$3:$BI$3, 0) + 4) & ":" & ADDRESS(1000, MATCH($B19, Attendance_data!$E$3:$BI$3, 0) + 4)), "A" ) ),"")} -> 0.80769231 | R19: {=IFERROR( COUNTIFS(Attendance_data!$B$4:$B$1000,R$4, INDIRECT("Attendance_data!" & ADDRESS(4, MATCH($B19, Attendance_data!$E$3:$BI$3, 0) + 4) & ":" & ADDRESS(1000, MATCH($B19, Attendance_data!$E$3:$BI$3, 0) + 4)), "P" ) / ( COUNTIFS( Attendance_data!$B$4:$B$1000,R$4, INDIRECT("Attendance_data!" & ADDRESS(4, MATCH($B19, Attendance_data!$E$3:$BI$3, 0) + 4) & ":" & ADDRESS(1000, MATCH($B19, Attendance_data!$E$3:$BI$3, 0) + 4)), "P" ) + COUNTIFS( Attendance_data!$B$4:$B$1000,R$4, INDIRECT("Attendance_data!" & ADDRESS(4, MATCH($B19, Attendance_data!$E$3:$BI$3, 0) + 4) & ":" & ADDRESS(1000, MATCH($B19, Attendance_data!$E$3:$BI$3, 0) + 4)), "A" ) ),"")} -> 0.78947368 | S19: {=IFERROR( COUNTIFS(Attendance_data!$B$4:$B$1000,S$4, INDIRECT("Attendance_data!" & ADDRESS(4, MATCH($B19, Attendance_data!$E$3:$BI$3, 0) + 4) & ":" & ADDRESS(1000, MATCH($B19, Attendance_data!$E$3:$BI$3, 0) + 4)), "P" ) / ( COUNTIFS( Attendance_data!$B$4:$B$1000,S$4, INDIRECT("Attendance_data!" & ADDRESS(4, MATCH($B19, Attendance_data!$E$3:$BI$3, 0) + 4) & ":" & ADDRESS(1000, MATCH($B19, Attendance_data!$E$3:$BI$3, 0) + 4)), "P" ) + COUNTIFS( Attendance_data!$B$4:$B$1000,S$4, INDIRECT("Attendance_data!" & ADDRESS(4, MATCH($B19, Attendance_data!$E$3:$BI$3, 0) + 4) & ":" & ADDRESS(1000, MATCH($B19, Attendance_data!$E$3:$BI$3, 0) + 4)), "A" ) ),"")} -> 0.68181818 | T19: {=IFERROR( COUNTIFS(Attendance_data!$B$4:$B$1000,T$4, INDIRECT("Attendance_data!" & ADDRESS(4, MATCH($B19, Attendance_data!$E$3:$BI$3, 0) + 4) & ":" & ADDRESS(1000, MATCH($B19, Attendance_data!$E$3:$BI$3, 0) + 4)), "P" ) / ( COUNTIFS( Attendance_data!$B$4:$B$1000,T$4, INDIRECT("Attendance_data!" & ADDRESS(4, MATCH($B19, Attendance_data!$E$3:$BI$3, 0) + 4) & ":" & ADDRESS(1000, MATCH($B19, Attendance_data!$E$3:$BI$3, 0) + 4)), "P" ) + COUNTIFS( Attendance_data!$B$4:$B$1000,T$4, INDIRECT("Attendance_data!" & ADDRESS(4, MATCH($B19, Attendance_data!$E$3:$BI$3, 0) + 4) & ":" & ADDRESS(1000, MATCH($B19, Attendance_data!$E$3:$BI$3, 0) + 4)), "A" ) ),"")} -> 0.5 | U19: {=IFERROR( COUNTIFS(Attendance_data!$B$4:$B$1000,U$4, INDIRECT("Attendance_data!" & ADDRESS(4, MATCH($B19, Attendance_data!$E$3:$BI$3, 0) + 4) & ":" & ADDRESS(1000, MATCH($B19, Attendance_data!$E$3:$BI$3, 0) + 4)), "P" ) / ( COUNTIFS( Attendance_data!$B$4:$B$1000,U$4, INDIRECT("Attendance_data!" & ADDRESS(4, MATCH($B19, Attendance_data!$E$3:$BI$3, 0) + 4) & ":" & ADDRESS(1000, MATCH($B19, Attendance_data!$E$3:$BI$3, 0) + 4)), "P" ) + COUNTIFS( Attendance_data!$B$4:$B$1000,U$4, INDIRECT("Attendance_data!" & ADDRESS(4, MATCH($B19, Attendance_data!$E$3:$BI$3, 0) + 4) & ":" & ADDRESS(1000, MATCH($B19, Attendance_data!$E$3:$BI$3, 0) + 4)), "A" ) ),"")} -> 0.72 | V19: {=IFERROR( COUNTIFS(Attendance_data!$B$4:$B$1000,V$4, INDIRECT("Attendance_data!" & ADDRESS(4, MATCH($B19, Attendance_data!$E$3:$BI$3, 0) + 4) & ":" & ADDRESS(1000, MATCH($B19, Attendance_data!$E$3:$BI$3, 0) + 4)), "P" ) / ( COUNTIFS( Attendance_data!$B$4:$B$1000,V$4, INDIRECT("Attendance_data!" & ADDRESS(4, MATCH($B19, Attendance_data!$E$3:$BI$3, 0) + 4) & ":" & ADDRESS(1000, MATCH($B19, Attendance_data!$E$3:$BI$3, 0) + 4)), "P" ) + COUNTIFS( Attendance_data!$B$4:$B$1000,V$4, INDIRECT("Attendance_data!" & ADDRESS(4, MATCH($B19, Attendance_data!$E$3:$BI$3, 0) + 4) & ":" & ADDRESS(1000, MATCH($B19, Attendance_data!$E$3:$BI$3, 0) + 4)), "A" ) ),"")} -> 0.52 | W19: {=IFERROR( COUNTIFS(Attendance_data!$B$4:$B$1000,W$4, INDIRECT("Attendance_data!" & ADDRESS(4, MATCH($B19, Attendance_data!$E$3:$BI$3, 0) + 4) & ":" & ADDRESS(1000, MATCH($B19, Attendance_data!$E$3:$BI$3, 0) + 4)), "P" ) / ( COUNTIFS( Attendance_data!$B$4:$B$1000,W$4, INDIRECT("Attendance_data!" & ADDRESS(4, MATCH($B19, Attendance_data!$E$3:$BI$3, 0) + 4) & ":" & ADDRESS(1000, MATCH($B19, Attendance_data!$E$3:$BI$3, 0) + 4)), "P" ) + COUNTIFS( Attendance_data!$B$4:$B$1000,W$4, INDIRECT("Attendance_data!" & ADDRESS(4, MATCH($B19, Attendance_data!$E$3:$BI$3, 0) + 4) & ":" & ADDRESS(1000, MATCH($B19, Attendance_data!$E$3:$BI$3, 0) + 4)), "A" ) ),"")} -> 0.64 | ... AA19: {=IFERROR( COUNTIFS(Attendance_data!$B$4:$B$1000,AA$4, INDIRECT("Attendance_data!" & ADDRESS(4, MATCH($B19, Attendance_data!$E$3:$BI$3, 0) + 4) & ":" & ADDRESS(1000, MATCH($B19, Attendance_data!$E$3:$BI$3, 0) + 4)), "P" ) / ( COUNTIFS( Attendance_data!$B$4:$B$1000,AA$4, INDIRECT("Attendance_data!" & ADDRESS(4, MATCH($B19, Attendance_data!$E$3:$BI$3, 0) + 4) & ":" & ADDRESS(1000, MATCH($B19, Attendance_data!$E$3:$BI$3, 0) + 4)), "P" ) + COUNTIFS( Attendance_data!$B$4:$B$1000,AA$4, INDIRECT("Attendance_data!" & ADDRESS(4, MATCH($B19, Attendance_data!$E$3:$BI$3, 0) + 4) & ":" & ADDRESS(1000, MATCH($B19, Attendance_data!$E$3:$BI$3, 0) + 4)), "A" ) ),"")} | AB19: =AVERAGEIF(P19:Z19,">0") -> 0.662
A20: =ROW()-4 -> 16 | B20: NMUD74 | C20: Chanchal munna rajbhar | D20: 3rd | E20: Boy | F20: 7309359111 | G20: Playing Kabaddi | H20: 2025 | I20: Active | J20: 12 | K20: 16 | L20: 14 | M20: 15 | N20: 18 | O20: 20 | P20: {=IFERROR( COUNTIFS(Attendance_data!$B$4:$B$1000,P$4, INDIRECT("Attendance_data!" & ADDRESS(4, MATCH($B20, Attendance_data!$E$3:$BI$3, 0) + 4) & ":" & ADDRESS(1000, MATCH($B20, Attendance_data!$E$3:$BI$3, 0) + 4)), "P" ) / ( COUNTIFS( Attendance_data!$B$4:$B$1000,P$4, INDIRECT("Attendance_data!" & ADDRESS(4, MATCH($B20, Attendance_data!$E$3:$BI$3, 0) + 4) & ":" & ADDRESS(1000, MATCH($B20, Attendance_data!$E$3:$BI$3, 0) + 4)), "P" ) + COUNTIFS( Attendance_data!$B$4:$B$1000,P$4, INDIRECT("Attendance_data!" & ADDRESS(4, MATCH($B20, Attendance_data!$E$3:$BI$3, 0) + 4) & ":" & ADDRESS(1000, MATCH($B20, Attendance_data!$E$3:$BI$3, 0) + 4)), "A" ) ),"")} | Q20: {=IFERROR( COUNTIFS(Attendance_data!$B$4:$B$1000,Q$4, INDIRECT("Attendance_data!" & ADDRESS(4, MATCH($B20, Attendance_data!$E$3:$BI$3, 0) + 4) & ":" & ADDRESS(1000, MATCH($B20, Attendance_data!$E$3:$BI$3, 0) + 4)), "P" ) / ( COUNTIFS( Attendance_data!$B$4:$B$1000,Q$4, INDIRECT("Attendance_data!" & ADDRESS(4, MATCH($B20, Attendance_data!$E$3:$BI$3, 0) + 4) & ":" & ADDRESS(1000, MATCH($B20, Attendance_data!$E$3:$BI$3, 0) + 4)), "P" ) + COUNTIFS( Attendance_data!$B$4:$B$1000,Q$4, INDIRECT("Attendance_data!" & ADDRESS(4, MATCH($B20, Attendance_data!$E$3:$BI$3, 0) + 4) & ":" & ADDRESS(1000, MATCH($B20, Attendance_data!$E$3:$BI$3, 0) + 4)), "A" ) ),"")} -> 0.96153846 | R20: {=IFERROR( COUNTIFS(Attendance_data!$B$4:$B$1000,R$4, INDIRECT("Attendance_data!" & ADDRESS(4, MATCH($B20, Attendance_data!$E$3:$BI$3, 0) + 4) & ":" & ADDRESS(1000, MATCH($B20, Attendance_data!$E$3:$BI$3, 0) + 4)), "P" ) / ( COUNTIFS( Attendance_data!$B$4:$B$1000,R$4, INDIRECT("Attendance_data!" & ADDRESS(4, MATCH($B20, Attendance_data!$E$3:$BI$3, 0) + 4) & ":" & ADDRESS(1000, MATCH($B20, Attendance_data!$E$3:$BI$3, 0) + 4)), "P" ) + COUNTIFS( Attendance_data!$B$4:$B$1000,R$4, INDIRECT("Attendance_data!" & ADDRESS(4, MATCH($B20, Attendance_data!$E$3:$BI$3, 0) + 4) & ":" & ADDRESS(1000, MATCH($B20, Attendance_data!$E$3:$BI$3, 0) + 4)), "A" ) ),"")} -> 0.78947368 | S20: {=IFERROR( COUNTIFS(Attendance_data!$B$4:$B$1000,S$4, INDIRECT("Attendance_data!" & ADDRESS(4, MATCH($B20, Attendance_data!$E$3:$BI$3, 0) + 4) & ":" & ADDRESS(1000, MATCH($B20, Attendance_data!$E$3:$BI$3, 0) + 4)), "P" ) / ( COUNTIFS( Attendance_data!$B$4:$B$1000,S$4, INDIRECT("Attendance_data!" & ADDRESS(4, MATCH($B20, Attendance_data!$E$3:$BI$3, 0) + 4) & ":" & ADDRESS(1000, MATCH($B20, Attendance_data!$E$3:$BI$3, 0) + 4)), "P" ) + COUNTIFS( Attendance_data!$B$4:$B$1000,S$4, INDIRECT("Attendance_data!" & ADDRESS(4, MATCH($B20, Attendance_data!$E$3:$BI$3, 0) + 4) & ":" & ADDRESS(1000, MATCH($B20, Attendance_data!$E$3:$BI$3, 0) + 4)), "A" ) ),"")} -> 0.95454545 | T20: {=IFERROR( COUNTIFS(Attendance_data!$B$4:$B$1000,T$4, INDIRECT("Attendance_data!" & ADDRESS(4, MATCH($B20, Attendance_data!$E$3:$BI$3, 0) + 4) & ":" & ADDRESS(1000, MATCH($B20, Attendance_data!$E$3:$BI$3, 0) + 4)), "P" ) / ( COUNTIFS( Attendance_data!$B$4:$B$1000,T$4, INDIRECT("Attendance_data!" & ADDRESS(4, MATCH($B20, Attendance_data!$E$3:$BI$3, 0) + 4) & ":" & ADDRESS(1000, MATCH($B20, Attendance_data!$E$3:$BI$3, 0) + 4)), "P" ) + COUNTIFS( Attendance_data!$B$4:$B$1000,T$4, INDIRECT("Attendance_data!" & ADDRESS(4, MATCH($B20, Attendance_data!$E$3:$BI$3, 0) + 4) & ":" & ADDRESS(1000, MATCH($B20, Attendance_data!$E$3:$BI$3, 0) + 4)), "A" ) ),"")} -> 0.8 | U20: {=IFERROR( COUNTIFS(Attendance_data!$B$4:$B$1000,U$4, INDIRECT("Attendance_data!" & ADDRESS(4, MATCH($B20, Attendance_data!$E$3:$BI$3, 0) + 4) & ":" & ADDRESS(1000, MATCH($B20, Attendance_data!$E$3:$BI$3, 0) + 4)), "P" ) / ( COUNTIFS( Attendance_data!$B$4:$B$1000,U$4, INDIRECT("Attendance_data!" & ADDRESS(4, MATCH($B20, Attendance_data!$E$3:$BI$3, 0) + 4) & ":" & ADDRESS(1000, MATCH($B20, Attendance_data!$E$3:$BI$3, 0) + 4)), "P" ) + COUNTIFS( Attendance_data!$B$4:$B$1000,U$4, INDIRECT("Attendance_data!" & ADDRESS(4, MATCH($B20, Attendance_data!$E$3:$BI$3, 0) + 4) & ":" & ADDRESS(1000, MATCH($B20, Attendance_data!$E$3:$BI$3, 0) + 4)), "A" ) ),"")} -> 0.2 | V20: {=IFERROR( COUNTIFS(Attendance_data!$B$4:$B$1000,V$4, INDIRECT("Attendance_data!" & ADDRESS(4, MATCH($B20, Attendance_data!$E$3:$BI$3, 0) + 4) & ":" & ADDRESS(1000, MATCH($B20, Attendance_data!$E$3:$BI$3, 0) + 4)), "P" ) / ( COUNTIFS( Attendance_data!$B$4:$B$1000,V$4, INDIRECT("Attendance_data!" & ADDRESS(4, MATCH($B20, Attendance_data!$E$3:$BI$3, 0) + 4) & ":" & ADDRESS(1000, MATCH($B20, Attendance_data!$E$3:$BI$3, 0) + 4)), "P" ) + COUNTIFS( Attendance_data!$B$4:$B$1000,V$4, INDIRECT("Attendance_data!" & ADDRESS(4, MATCH($B20, Attendance_data!$E$3:$BI$3, 0) + 4) & ":" & ADDRESS(1000, MATCH($B20, Attendance_data!$E$3:$BI$3, 0) + 4)), "A" ) ),"")} -> 0 | W20: {=IFERROR( COUNTIFS(Attendance_data!$B$4:$B$1000,W$4, INDIRECT("Attendance_data!" & ADDRESS(4, MATCH($B20, Attendance_data!$E$3:$BI$3, 0) + 4) & ":" & ADDRESS(1000, MATCH($B20, Attendance_data!$E$3:$BI$3, 0) + 4)), "P" ) / ( COUNTIFS( Attendance_data!$B$4:$B$1000,W$4, INDIRECT("Attendance_data!" & ADDRESS(4, MATCH($B20, Attendance_data!$E$3:$BI$3, 0) + 4) & ":" & ADDRESS(1000, MATCH($B20, Attendance_data!$E$3:$BI$3, 0) + 4)), "P" ) + COUNTIFS( Attendance_data!$B$4:$B$1000,W$4, INDIRECT("Attendance_data!" & ADDRESS(4, MATCH($B20, Attendance_data!$E$3:$BI$3, 0) + 4) & ":" & ADDRESS(1000, MATCH($B20, Attendance_data!$E$3:$BI$3, 0) + 4)), "A" ) ),"")} -> 0 | ... AA20: {=IFERROR( COUNTIFS(Attendance_data!$B$4:$B$1000,AA$4, INDIRECT("Attendance_data!" & ADDRESS(4, MATCH($B20, Attendance_data!$E$3:$BI$3, 0) + 4) & ":" & ADDRESS(1000, MATCH($B20, Attendance_data!$E$3:$BI$3, 0) + 4)), "P" ) / ( COUNTIFS( Attendance_data!$B$4:$B$1000,AA$4, INDIRECT("Attendance_data!" & ADDRESS(4, MATCH($B20, Attendance_data!$E$3:$BI$3, 0) + 4) & ":" & ADDRESS(1000, MATCH($B20, Attendance_data!$E$3:$BI$3, 0) + 4)), "P" ) + COUNTIFS( Attendance_data!$B$4:$B$1000,AA$4, INDIRECT("Attendance_data!" & ADDRESS(4, MATCH($B20, Attendance_data!$E$3:$BI$3, 0) + 4) & ":" & ADDRESS(1000, MATCH($B20, Attendance_data!$E$3:$BI$3, 0) + 4)), "A" ) ),"")} | AB20: =AVERAGEIF(P20:Z20,">0") -> 0.67392319
A21: =ROW()-4 -> 17 | B21: NMUD75 | C21: Ishani Surendra Paswan | D21: 3rd | E21: Girl | F21: 7715903788 | G21: Drawing | H21: 2025 | I21: Active | J21: 13 | K21: 16 | L21: 13 | M21: 17 | N21: 14 | O21: 11 | P21: {=IFERROR( COUNTIFS(Attendance_data!$B$4:$B$1000,P$4, INDIRECT("Attendance_data!" & ADDRESS(4, MATCH($B21, Attendance_data!$E$3:$BI$3, 0) + 4) & ":" & ADDRESS(1000, MATCH($B21, Attendance_data!$E$3:$BI$3, 0) + 4)), "P" ) / ( COUNTIFS( Attendance_data!$B$4:$B$1000,P$4, INDIRECT("Attendance_data!" & ADDRESS(4, MATCH($B21, Attendance_data!$E$3:$BI$3, 0) + 4) & ":" & ADDRESS(1000, MATCH($B21, Attendance_data!$E$3:$BI$3, 0) + 4)), "P" ) + COUNTIFS( Attendance_data!$B$4:$B$1000,P$4, INDIRECT("Attendance_data!" & ADDRESS(4, MATCH($B21, Attendance_data!$E$3:$BI$3, 0) + 4) & ":" & ADDRESS(1000, MATCH($B21, Attendance_data!$E$3:$BI$3, 0) + 4)), "A" ) ),"")} -> 0.80952381 | Q21: {=IFERROR( COUNTIFS(Attendance_data!$B$4:$B$1000,Q$4, INDIRECT("Attendance_data!" & ADDRESS(4, MATCH($B21, Attendance_data!$E$3:$BI$3, 0) + 4) & ":" & ADDRESS(1000, MATCH($B21, Attendance_data!$E$3:$BI$3, 0) + 4)), "P" ) / ( COUNTIFS( Attendance_data!$B$4:$B$1000,Q$4, INDIRECT("Attendance_data!" & ADDRESS(4, MATCH($B21, Attendance_data!$E$3:$BI$3, 0) + 4) & ":" & ADDRESS(1000, MATCH($B21, Attendance_data!$E$3:$BI$3, 0) + 4)), "P" ) + COUNTIFS( Attendance_data!$B$4:$B$1000,Q$4, INDIRECT("Attendance_data!" & ADDRESS(4, MATCH($B21, Attendance_data!$E$3:$BI$3, 0) + 4) & ":" & ADDRESS(1000, MATCH($B21, Attendance_data!$E$3:$BI$3, 0) + 4)), "A" ) ),"")} -> 0.92307692 | R21: {=IFERROR( COUNTIFS(Attendance_data!$B$4:$B$1000,R$4, INDIRECT("Attendance_data!" & ADDRESS(4, MATCH($B21, Attendance_data!$E$3:$BI$3, 0) + 4) & ":" & ADDRESS(1000, MATCH($B21, Attendance_data!$E$3:$BI$3, 0) + 4)), "P" ) / ( COUNTIFS( Attendance_data!$B$4:$B$1000,R$4, INDIRECT("Attendance_data!" & ADDRESS(4, MATCH($B21, Attendance_data!$E$3:$BI$3, 0) + 4) & ":" & ADDRESS(1000, MATCH($B21, Attendance_data!$E$3:$BI$3, 0) + 4)), "P" ) + COUNTIFS( Attendance_data!$B$4:$B$1000,R$4, INDIRECT("Attendance_data!" & ADDRESS(4, MATCH($B21, Attendance_data!$E$3:$BI$3, 0) + 4) & ":" & ADDRESS(1000, MATCH($B21, Attendance_data!$E$3:$BI$3, 0) + 4)), "A" ) ),"")} -> 0.47368421 | S21: {=IFERROR( COUNTIFS(Attendance_data!$B$4:$B$1000,S$4, INDIRECT("Attendance_data!" & ADDRESS(4, MATCH($B21, Attendance_data!$E$3:$BI$3, 0) + 4) & ":" & ADDRESS(1000, MATCH($B21, Attendance_data!$E$3:$BI$3, 0) + 4)), "P" ) / ( COUNTIFS( Attendance_data!$B$4:$B$1000,S$4, INDIRECT("Attendance_data!" & ADDRESS(4, MATCH($B21, Attendance_data!$E$3:$BI$3, 0) + 4) & ":" & ADDRESS(1000, MATCH($B21, Attendance_data!$E$3:$BI$3, 0) + 4)), "P" ) + COUNTIFS( Attendance_data!$B$4:$B$1000,S$4, INDIRECT("Attendance_data!" & ADDRESS(4, MATCH($B21, Attendance_data!$E$3:$BI$3, 0) + 4) & ":" & ADDRESS(1000, MATCH($B21, Attendance_data!$E$3:$BI$3, 0) + 4)), "A" ) ),"")} -> 0.77272727 | T21: {=IFERROR( COUNTIFS(Attendance_data!$B$4:$B$1000,T$4, INDIRECT("Attendance_data!" & ADDRESS(4, MATCH($B21, Attendance_data!$E$3:$BI$3, 0) + 4) & ":" & ADDRESS(1000, MATCH($B21, Attendance_data!$E$3:$BI$3, 0) + 4)), "P" ) / ( COUNTIFS( Attendance_data!$B$4:$B$1000,T$4, INDIRECT("Attendance_data!" & ADDRESS(4, MATCH($B21, Attendance_data!$E$3:$BI$3, 0) + 4) & ":" & ADDRESS(1000, MATCH($B21, Attendance_data!$E$3:$BI$3, 0) + 4)), "P" ) + COUNTIFS( Attendance_data!$B$4:$B$1000,T$4, INDIRECT("Attendance_data!" & ADDRESS(4, MATCH($B21, Attendance_data!$E$3:$BI$3, 0) + 4) & ":" & ADDRESS(1000, MATCH($B21, Attendance_data!$E$3:$BI$3, 0) + 4)), "A" ) ),"")} -> 0.65 | U21: {=IFERROR( COUNTIFS(Attendance_data!$B$4:$B$1000,U$4, INDIRECT("Attendance_data!" & ADDRESS(4, MATCH($B21, Attendance_data!$E$3:$BI$3, 0) + 4) & ":" & ADDRESS(1000, MATCH($B21, Attendance_data!$E$3:$BI$3, 0) + 4)), "P" ) / ( COUNTIFS( Attendance_data!$B$4:$B$1000,U$4, INDIRECT("Attendance_data!" & ADDRESS(4, MATCH($B21, Attendance_data!$E$3:$BI$3, 0) + 4) & ":" & ADDRESS(1000, MATCH($B21, Attendance_data!$E$3:$BI$3, 0) + 4)), "P" ) + COUNTIFS( Attendance_data!$B$4:$B$1000,U$4, INDIRECT("Attendance_data!" & ADDRESS(4, MATCH($B21, Attendance_data!$E$3:$BI$3, 0) + 4) & ":" & ADDRESS(1000, MATCH($B21, Attendance_data!$E$3:$BI$3, 0) + 4)), "A" ) ),"")} -> 0.72 | V21: {=IFERROR( COUNTIFS(Attendance_data!$B$4:$B$1000,V$4, INDIRECT("Attendance_data!" & ADDRESS(4, MATCH($B21, Attendance_data!$E$3:$BI$3, 0) + 4) & ":" & ADDRESS(1000, MATCH($B21, Attendance_data!$E$3:$BI$3, 0) + 4)), "P" ) / ( COUNTIFS( Attendance_data!$B$4:$B$1000,V$4, INDIRECT("Attendance_data!" & ADDRESS(4, MATCH($B21, Attendance_data!$E$3:$BI$3, 0) + 4) & ":" & ADDRESS(1000, MATCH($B21, Attendance_data!$E$3:$BI$3, 0) + 4)), "P" ) + COUNTIFS( Attendance_data!$B$4:$B$1000,V$4, INDIRECT("Attendance_data!" & ADDRESS(4, MATCH($B21, Attendance_data!$E$3:$BI$3, 0) + 4) & ":" & ADDRESS(1000, MATCH($B21, Attendance_data!$E$3:$BI$3, 0) + 4)), "A" ) ),"")} -> 0.52 | W21: {=IFERROR( COUNTIFS(Attendance_data!$B$4:$B$1000,W$4, INDIRECT("Attendance_data!" & ADDRESS(4, MATCH($B21, Attendance_data!$E$3:$BI$3, 0) + 4) & ":" & ADDRESS(1000, MATCH($B21, Attendance_data!$E$3:$BI$3, 0) + 4)), "P" ) / ( COUNTIFS( Attendance_data!$B$4:$B$1000,W$4, INDIRECT("Attendance_data!" & ADDRESS(4, MATCH($B21, Attendance_data!$E$3:$BI$3, 0) + 4) & ":" & ADDRESS(1000, MATCH($B21, Attendance_data!$E$3:$BI$3, 0) + 4)), "P" ) + COUNTIFS( Attendance_data!$B$4:$B$1000,W$4, INDIRECT("Attendance_data!" & ADDRESS(4, MATCH($B21, Attendance_data!$E$3:$BI$3, 0) + 4) & ":" & ADDRESS(1000, MATCH($B21, Attendance_data!$E$3:$BI$3, 0) + 4)), "A" ) ),"")} -> 0.64 | ... AA21: {=IFERROR( COUNTIFS(Attendance_data!$B$4:$B$1000,AA$4, INDIRECT("Attendance_data!" & ADDRESS(4, MATCH($B21, Attendance_data!$E$3:$BI$3, 0) + 4) & ":" & ADDRESS(1000, MATCH($B21, Attendance_data!$E$3:$BI$3, 0) + 4)), "P" ) / ( COUNTIFS( Attendance_data!$B$4:$B$1000,AA$4, INDIRECT("Attendance_data!" & ADDRESS(4, MATCH($B21, Attendance_data!$E$3:$BI$3, 0) + 4) & ":" & ADDRESS(1000, MATCH($B21, Attendance_data!$E$3:$BI$3, 0) + 4)), "P" ) + COUNTIFS( Attendance_data!$B$4:$B$1000,AA$4, INDIRECT("Attendance_data!" & ADDRESS(4, MATCH($B21, Attendance_data!$E$3:$BI$3, 0) + 4) & ":" & ADDRESS(1000, MATCH($B21, Attendance_data!$E$3:$BI$3, 0) + 4)), "A" ) ),"")} | AB21: =AVERAGEIF(P21:Z21,">0") -> 0.69327961
A22: =ROW()-4 -> 18 | B22: NMUD76 | C22: Shivani Yogendra Rajbhar | D22: 3rd | E22: Girl | F22: 9506650309 | G22: Drawing | H22: 2025 | I22: Active | J22: 13 | K22: 18 | L22: 29 | M22: 21 | N22: 21 | O22: 23 | P22: {=IFERROR( COUNTIFS(Attendance_data!$B$4:$B$1000,P$4, INDIRECT("Attendance_data!" & ADDRESS(4, MATCH($B22, Attendance_data!$E$3:$BI$3, 0) + 4) & ":" & ADDRESS(1000, MATCH($B22, Attendance_data!$E$3:$BI$3, 0) + 4)), "P" ) / ( COUNTIFS( Attendance_data!$B$4:$B$1000,P$4, INDIRECT("Attendance_data!" & ADDRESS(4, MATCH($B22, Attendance_data!$E$3:$BI$3, 0) + 4) & ":" & ADDRESS(1000, MATCH($B22, Attendance_data!$E$3:$BI$3, 0) + 4)), "P" ) + COUNTIFS( Attendance_data!$B$4:$B$1000,P$4, INDIRECT("Attendance_data!" & ADDRESS(4, MATCH($B22, Attendance_data!$E$3:$BI$3, 0) + 4) & ":" & ADDRESS(1000, MATCH($B22, Attendance_data!$E$3:$BI$3, 0) + 4)), "A" ) ),"")} | Q22: {=IFERROR( COUNTIFS(Attendance_data!$B$4:$B$1000,Q$4, INDIRECT("Attendance_data!" & ADDRESS(4, MATCH($B22, Attendance_data!$E$3:$BI$3, 0) + 4) & ":" & ADDRESS(1000, MATCH($B22, Attendance_data!$E$3:$BI$3, 0) + 4)), "P" ) / ( COUNTIFS( Attendance_data!$B$4:$B$1000,Q$4, INDIRECT("Attendance_data!" & ADDRESS(4, MATCH($B22, Attendance_data!$E$3:$BI$3, 0) + 4) & ":" & ADDRESS(1000, MATCH($B22, Attendance_data!$E$3:$BI$3, 0) + 4)), "P" ) + COUNTIFS( Attendance_data!$B$4:$B$1000,Q$4, INDIRECT("Attendance_data!" & ADDRESS(4, MATCH($B22, Attendance_data!$E$3:$BI$3, 0) + 4) & ":" & ADDRESS(1000, MATCH($B22, Attendance_data!$E$3:$BI$3, 0) + 4)), "A" ) ),"")} -> 1 | R22: {=IFERROR( COUNTIFS(Attendance_data!$B$4:$B$1000,R$4, INDIRECT("Attendance_data!" & ADDRESS(4, MATCH($B22, Attendance_data!$E$3:$BI$3, 0) + 4) & ":" & ADDRESS(1000, MATCH($B22, Attendance_data!$E$3:$BI$3, 0) + 4)), "P" ) / ( COUNTIFS( Attendance_data!$B$4:$B$1000,R$4, INDIRECT("Attendance_data!" & ADDRESS(4, MATCH($B22, Attendance_data!$E$3:$BI$3, 0) + 4) & ":" & ADDRESS(1000, MATCH($B22, Attendance_data!$E$3:$BI$3, 0) + 4)), "P" ) + COUNTIFS( Attendance_data!$B$4:$B$1000,R$4, INDIRECT("Attendance_data!" & ADDRESS(4, MATCH($B22, Attendance_data!$E$3:$BI$3, 0) + 4) & ":" & ADDRESS(1000, MATCH($B22, Attendance_data!$E$3:$BI$3, 0) + 4)), "A" ) ),"")} -> 1 | S22: {=IFERROR( COUNTIFS(Attendance_data!$B$4:$B$1000,S$4, INDIRECT("Attendance_data!" & ADDRESS(4, MATCH($B22, Attendance_data!$E$3:$BI$3, 0) + 4) & ":" & ADDRESS(1000, MATCH($B22, Attendance_data!$E$3:$BI$3, 0) + 4)), "P" ) / ( COUNTIFS( Attendance_data!$B$4:$B$1000,S$4, INDIRECT("Attendance_data!" & ADDRESS(4, MATCH($B22, Attendance_data!$E$3:$BI$3, 0) + 4) & ":" & ADDRESS(1000, MATCH($B22, Attendance_data!$E$3:$BI$3, 0) + 4)), "P" ) + COUNTIFS( Attendance_data!$B$4:$B$1000,S$4, INDIRECT("Attendance_data!" & ADDRESS(4, MATCH($B22, Attendance_data!$E$3:$BI$3, 0) + 4) & ":" & ADDRESS(1000, MATCH($B22, Attendance_data!$E$3:$BI$3, 0) + 4)), "A" ) ),"")} -> 0.95454545 | T22: {=IFERROR( COUNTIFS(Attendance_data!$B$4:$B$1000,T$4, INDIRECT("Attendance_data!" & ADDRESS(4, MATCH($B22, Attendance_data!$E$3:$BI$3, 0) + 4) & ":" & ADDRESS(1000, MATCH($B22, Attendance_data!$E$3:$BI$3, 0) + 4)), "P" ) / ( COUNTIFS( Attendance_data!$B$4:$B$1000,T$4, INDIRECT("Attendance_data!" & ADDRESS(4, MATCH($B22, Attendance_data!$E$3:$BI$3, 0) + 4) & ":" & ADDRESS(1000, MATCH($B22, Attendance_data!$E$3:$BI$3, 0) + 4)), "P" ) + COUNTIFS( Attendance_data!$B$4:$B$1000,T$4, INDIRECT("Attendance_data!" & ADDRESS(4, MATCH($B22, Attendance_data!$E$3:$BI$3, 0) + 4) & ":" & ADDRESS(1000, MATCH($B22, Attendance_data!$E$3:$BI$3, 0) + 4)), "A" ) ),"")} -> 0.8 | U22: {=IFERROR( COUNTIFS(Attendance_data!$B$4:$B$1000,U$4, INDIRECT("Attendance_data!" & ADDRESS(4, MATCH($B22, Attendance_data!$E$3:$BI$3, 0) + 4) & ":" & ADDRESS(1000, MATCH($B22, Attendance_data!$E$3:$BI$3, 0) + 4)), "P" ) / ( COUNTIFS( Attendance_data!$B$4:$B$1000,U$4, INDIRECT("Attendance_data!" & ADDRESS(4, MATCH($B22, Attendance_data!$E$3:$BI$3, 0) + 4) & ":" & ADDRESS(1000, MATCH($B22, Attendance_data!$E$3:$BI$3, 0) + 4)), "P" ) + COUNTIFS( Attendance_data!$B$4:$B$1000,U$4, INDIRECT("Attendance_data!" & ADDRESS(4, MATCH($B22, Attendance_data!$E$3:$BI$3, 0) + 4) & ":" & ADDRESS(1000, MATCH($B22, Attendance_data!$E$3:$BI$3, 0) + 4)), "A" ) ),"")} -> 0.76 | V22: {=IFERROR( COUNTIFS(Attendance_data!$B$4:$B$1000,V$4, INDIRECT("Attendance_data!" & ADDRESS(4, MATCH($B22, Attendance_data!$E$3:$BI$3, 0) + 4) & ":" & ADDRESS(1000, MATCH($B22, Attendance_data!$E$3:$BI$3, 0) + 4)), "P" ) / ( COUNTIFS( Attendance_data!$B$4:$B$1000,V$4, INDIRECT("Attendance_data!" & ADDRESS(4, MATCH($B22, Attendance_data!$E$3:$BI$3, 0) + 4) & ":" & ADDRESS(1000, MATCH($B22, Attendance_data!$E$3:$BI$3, 0) + 4)), "P" ) + COUNTIFS( Attendance_data!$B$4:$B$1000,V$4, INDIRECT("Attendance_data!" & ADDRESS(4, MATCH($B22, Attendance_data!$E$3:$BI$3, 0) + 4) & ":" & ADDRESS(1000, MATCH($B22, Attendance_data!$E$3:$BI$3, 0) + 4)), "A" ) ),"")} -> 0.8 | W22: {=IFERROR( COUNTIFS(Attendance_data!$B$4:$B$1000,W$4, INDIRECT("Attendance_data!" & ADDRESS(4, MATCH($B22, Attendance_data!$E$3:$BI$3, 0) + 4) & ":" & ADDRESS(1000, MATCH($B22, Attendance_data!$E$3:$BI$3, 0) + 4)), "P" ) / ( COUNTIFS( Attendance_data!$B$4:$B$1000,W$4, INDIRECT("Attendance_data!" & ADDRESS(4, MATCH($B22, Attendance_data!$E$3:$BI$3, 0) + 4) & ":" & ADDRESS(1000, MATCH($B22, Attendance_data!$E$3:$BI$3, 0) + 4)), "P" ) + COUNTIFS( Attendance_data!$B$4:$B$1000,W$4, INDIRECT("Attendance_data!" & ADDRESS(4, MATCH($B22, Attendance_data!$E$3:$BI$3, 0) + 4) & ":" & ADDRESS(1000, MATCH($B22, Attendance_data!$E$3:$BI$3, 0) + 4)), "A" ) ),"")} -> 0.64 | ... AA22: {=IFERROR( COUNTIFS(Attendance_data!$B$4:$B$1000,AA$4, INDIRECT("Attendance_data!" & ADDRESS(4, MATCH($B22, Attendance_data!$E$3:$BI$3, 0) + 4) & ":" & ADDRESS(1000, MATCH($B22, Attendance_data!$E$3:$BI$3, 0) + 4)), "P" ) / ( COUNTIFS( Attendance_data!$B$4:$B$1000,AA$4, INDIRECT("Attendance_data!" & ADDRESS(4, MATCH($B22, Attendance_data!$E$3:$BI$3, 0) + 4) & ":" & ADDRESS(1000, MATCH($B22, Attendance_data!$E$3:$BI$3, 0) + 4)), "P" ) + COUNTIFS( Attendance_data!$B$4:$B$1000,AA$4, INDIRECT("Attendance_data!" & ADDRESS(4, MATCH($B22, Attendance_data!$E$3:$BI$3, 0) + 4) & ":" & ADDRESS(1000, MATCH($B22, Attendance_data!$E$3:$BI$3, 0) + 4)), "A" ) ),"")} | AB22: =AVERAGEIF(P22:Z22,">0") -> 0.82164502
A23: =ROW()-4 -> 19 | B23: NMUD77 | C23: Atharv Nilesh Hatkar | D23: 4th | E23: Boy | F23: 8928462944 | G23: Playing Cricket | H23: 2025 | I23: Active | J23: 11 | K23: 20 | L23: 16 | M23: 24 | N23: 15 | O23: 18 | P23: {=IFERROR( COUNTIFS(Attendance_data!$B$4:$B$1000,P$4, INDIRECT("Attendance_data!" & ADDRESS(4, MATCH($B23, Attendance_data!$E$3:$BI$3, 0) + 4) & ":" & ADDRESS(1000, MATCH($B23, Attendance_data!$E$3:$BI$3, 0) + 4)), "P" ) / ( COUNTIFS( Attendance_data!$B$4:$B$1000,P$4, INDIRECT("Attendance_data!" & ADDRESS(4, MATCH($B23, Attendance_data!$E$3:$BI$3, 0) + 4) & ":" & ADDRESS(1000, MATCH($B23, Attendance_data!$E$3:$BI$3, 0) + 4)), "P" ) + COUNTIFS( Attendance_data!$B$4:$B$1000,P$4, INDIRECT("Attendance_data!" & ADDRESS(4, MATCH($B23, Attendance_data!$E$3:$BI$3, 0) + 4) & ":" & ADDRESS(1000, MATCH($B23, Attendance_data!$E$3:$BI$3, 0) + 4)), "A" ) ),"")} -> 0.71428571 | Q23: {=IFERROR( COUNTIFS(Attendance_data!$B$4:$B$1000,Q$4, INDIRECT("Attendance_data!" & ADDRESS(4, MATCH($B23, Attendance_data!$E$3:$BI$3, 0) + 4) & ":" & ADDRESS(1000, MATCH($B23, Attendance_data!$E$3:$BI$3, 0) + 4)), "P" ) / ( COUNTIFS( Attendance_data!$B$4:$B$1000,Q$4, INDIRECT("Attendance_data!" & ADDRESS(4, MATCH($B23, Attendance_data!$E$3:$BI$3, 0) + 4) & ":" & ADDRESS(1000, MATCH($B23, Attendance_data!$E$3:$BI$3, 0) + 4)), "P" ) + COUNTIFS( Attendance_data!$B$4:$B$1000,Q$4, INDIRECT("Attendance_data!" & ADDRESS(4, MATCH($B23, Attendance_data!$E$3:$BI$3, 0) + 4) & ":" & ADDRESS(1000, MATCH($B23, Attendance_data!$E$3:$BI$3, 0) + 4)), "A" ) ),"")} -> 0.76923077 | R23: {=IFERROR( COUNTIFS(Attendance_data!$B$4:$B$1000,R$4, INDIRECT("Attendance_data!" & ADDRESS(4, MATCH($B23, Attendance_data!$E$3:$BI$3, 0) + 4) & ":" & ADDRESS(1000, MATCH($B23, Attendance_data!$E$3:$BI$3, 0) + 4)), "P" ) / ( COUNTIFS( Attendance_data!$B$4:$B$1000,R$4, INDIRECT("Attendance_data!" & ADDRESS(4, MATCH($B23, Attendance_data!$E$3:$BI$3, 0) + 4) & ":" & ADDRESS(1000, MATCH($B23, Attendance_data!$E$3:$BI$3, 0) + 4)), "P" ) + COUNTIFS( Attendance_data!$B$4:$B$1000,R$4, INDIRECT("Attendance_data!" & ADDRESS(4, MATCH($B23, Attendance_data!$E$3:$BI$3, 0) + 4) & ":" & ADDRESS(1000, MATCH($B23, Attendance_data!$E$3:$BI$3, 0) + 4)), "A" ) ),"")} -> 0.63157895 | S23: {=IFERROR( COUNTIFS(Attendance_data!$B$4:$B$1000,S$4, INDIRECT("Attendance_data!" & ADDRESS(4, MATCH($B23, Attendance_data!$E$3:$BI$3, 0) + 4) & ":" & ADDRESS(1000, MATCH($B23, Attendance_data!$E$3:$BI$3, 0) + 4)), "P" ) / ( COUNTIFS( Attendance_data!$B$4:$B$1000,S$4, INDIRECT("Attendance_data!" & ADDRESS(4, MATCH($B23, Attendance_data!$E$3:$BI$3, 0) + 4) & ":" & ADDRESS(1000, MATCH($B23, Attendance_data!$E$3:$BI$3, 0) + 4)), "P" ) + COUNTIFS( Attendance_data!$B$4:$B$1000,S$4, INDIRECT("Attendance_data!" & ADDRESS(4, MATCH($B23, Attendance_data!$E$3:$BI$3, 0) + 4) & ":" & ADDRESS(1000, MATCH($B23, Attendance_data!$E$3:$BI$3, 0) + 4)), "A" ) ),"")} -> 0.95454545 | T23: {=IFERROR( COUNTIFS(Attendance_data!$B$4:$B$1000,T$4, INDIRECT("Attendance_data!" & ADDRESS(4, MATCH($B23, Attendance_data!$E$3:$BI$3, 0) + 4) & ":" & ADDRESS(1000, MATCH($B23, Attendance_data!$E$3:$BI$3, 0) + 4)), "P" ) / ( COUNTIFS( Attendance_data!$B$4:$B$1000,T$4, INDIRECT("Attendance_data!" & ADDRESS(4, MATCH($B23, Attendance_data!$E$3:$BI$3, 0) + 4) & ":" & ADDRESS(1000, MATCH($B23, Attendance_data!$E$3:$BI$3, 0) + 4)), "P" ) + COUNTIFS( Attendance_data!$B$4:$B$1000,T$4, INDIRECT("Attendance_data!" & ADDRESS(4, MATCH($B23, Attendance_data!$E$3:$BI$3, 0) + 4) & ":" & ADDRESS(1000, MATCH($B23, Attendance_data!$E$3:$BI$3, 0) + 4)), "A" ) ),"")} -> 0.9 | U23: {=IFERROR( COUNTIFS(Attendance_data!$B$4:$B$1000,U$4, INDIRECT("Attendance_data!" & ADDRESS(4, MATCH($B23, Attendance_data!$E$3:$BI$3, 0) + 4) & ":" & ADDRESS(1000, MATCH($B23, Attendance_data!$E$3:$BI$3, 0) + 4)), "P" ) / ( COUNTIFS( Attendance_data!$B$4:$B$1000,U$4, INDIRECT("Attendance_data!" & ADDRESS(4, MATCH($B23, Attendance_data!$E$3:$BI$3, 0) + 4) & ":" & ADDRESS(1000, MATCH($B23, Attendance_data!$E$3:$BI$3, 0) + 4)), "P" ) + COUNTIFS( Attendance_data!$B$4:$B$1000,U$4, INDIRECT("Attendance_data!" & ADDRESS(4, MATCH($B23, Attendance_data!$E$3:$BI$3, 0) + 4) & ":" & ADDRESS(1000, MATCH($B23, Attendance_data!$E$3:$BI$3, 0) + 4)), "A" ) ),"")} -> 0.88 | V23: {=IFERROR( COUNTIFS(Attendance_data!$B$4:$B$1000,V$4, INDIRECT("Attendance_data!" & ADDRESS(4, MATCH($B23, Attendance_data!$E$3:$BI$3, 0) + 4) & ":" & ADDRESS(1000, MATCH($B23, Attendance_data!$E$3:$BI$3, 0) + 4)), "P" ) / ( COUNTIFS( Attendance_data!$B$4:$B$1000,V$4, INDIRECT("Attendance_data!" & ADDRESS(4, MATCH($B23, Attendance_data!$E$3:$BI$3, 0) + 4) & ":" & ADDRESS(1000, MATCH($B23, Attendance_data!$E$3:$BI$3, 0) + 4)), "P" ) + COUNTIFS( Attendance_data!$B$4:$B$1000,V$4, INDIRECT("Attendance_data!" & ADDRESS(4, MATCH($B23, Attendance_data!$E$3:$BI$3, 0) + 4) & ":" & ADDRESS(1000, MATCH($B23, Attendance_data!$E$3:$BI$3, 0) + 4)), "A" ) ),"")} -> 0.88 | W23: {=IFERROR( COUNTIFS(Attendance_data!$B$4:$B$1000,W$4, INDIRECT("Attendance_data!" & ADDRESS(4, MATCH($B23, Attendance_data!$E$3:$BI$3, 0) + 4) & ":" & ADDRESS(1000, MATCH($B23, Attendance_data!$E$3:$BI$3, 0) + 4)), "P" ) / ( COUNTIFS( Attendance_data!$B$4:$B$1000,W$4, INDIRECT("Attendance_data!" & ADDRESS(4, MATCH($B23, Attendance_data!$E$3:$BI$3, 0) + 4) & ":" & ADDRESS(1000, MATCH($B23, Attendance_data!$E$3:$BI$3, 0) + 4)), "P" ) + COUNTIFS( Attendance_data!$B$4:$B$1000,W$4, INDIRECT("Attendance_data!" & ADDRESS(4, MATCH($B23, Attendance_data!$E$3:$BI$3, 0) + 4) & ":" & ADDRESS(1000, MATCH($B23, Attendance_data!$E$3:$BI$3, 0) + 4)), "A" ) ),"")} -> 0.92 | ... AA23: {=IFERROR( COUNTIFS(Attendance_data!$B$4:$B$1000,AA$4, INDIRECT("Attendance_data!" & ADDRESS(4, MATCH($B23, Attendance_data!$E$3:$BI$3, 0) + 4) & ":" & ADDRESS(1000, MATCH($B23, Attendance_data!$E$3:$BI$3, 0) + 4)), "P" ) / ( COUNTIFS( Attendance_data!$B$4:$B$1000,AA$4, INDIRECT("Attendance_data!" & ADDRESS(4, MATCH($B23, Attendance_data!$E$3:$BI$3, 0) + 4) & ":" & ADDRESS(1000, MATCH($B23, Attendance_data!$E$3:$BI$3, 0) + 4)), "P" ) + COUNTIFS( Attendance_data!$B$4:$B$1000,AA$4, INDIRECT("Attendance_data!" & ADDRESS(4, MATCH($B23, Attendance_data!$E$3:$BI$3, 0) + 4) & ":" & ADDRESS(1000, MATCH($B23, Attendance_data!$E$3:$BI$3, 0) + 4)), "A" ) ),"")} | AB23: =AVERAGEIF(P23:Z23,">0") -> 0.87291108
A24: =ROW()-4 -> 20 | B24: NMUD78 | C24: Riya Mastram Varma | D24: 5th | E24: Girl | F24: 8081157498 | G24: Boxing | H24: 2025 | I24: Active | J24: 21 | K24: 26 | L24: 23 | M24: 16 | N24: 20 | O24: 20 | P24: {=IFERROR( COUNTIFS(Attendance_data!$B$4:$B$1000,P$4, INDIRECT("Attendance_data!" & ADDRESS(4, MATCH($B24, Attendance_data!$E$3:$BI$3, 0) + 4) & ":" & ADDRESS(1000, MATCH($B24, Attendance_data!$E$3:$BI$3, 0) + 4)), "P" ) / ( COUNTIFS( Attendance_data!$B$4:$B$1000,P$4, INDIRECT("Attendance_data!" & ADDRESS(4, MATCH($B24, Attendance_data!$E$3:$BI$3, 0) + 4) & ":" & ADDRESS(1000, MATCH($B24, Attendance_data!$E$3:$BI$3, 0) + 4)), "P" ) + COUNTIFS( Attendance_data!$B$4:$B$1000,P$4, INDIRECT("Attendance_data!" & ADDRESS(4, MATCH($B24, Attendance_data!$E$3:$BI$3, 0) + 4) & ":" & ADDRESS(1000, MATCH($B24, Attendance_data!$E$3:$BI$3, 0) + 4)), "A" ) ),"")} | Q24: {=IFERROR( COUNTIFS(Attendance_data!$B$4:$B$1000,Q$4, INDIRECT("Attendance_data!" & ADDRESS(4, MATCH($B24, Attendance_data!$E$3:$BI$3, 0) + 4) & ":" & ADDRESS(1000, MATCH($B24, Attendance_data!$E$3:$BI$3, 0) + 4)), "P" ) / ( COUNTIFS( Attendance_data!$B$4:$B$1000,Q$4, INDIRECT("Attendance_data!" & ADDRESS(4, MATCH($B24, Attendance_data!$E$3:$BI$3, 0) + 4) & ":" & ADDRESS(1000, MATCH($B24, Attendance_data!$E$3:$BI$3, 0) + 4)), "P" ) + COUNTIFS( Attendance_data!$B$4:$B$1000,Q$4, INDIRECT("Attendance_data!" & ADDRESS(4, MATCH($B24, Attendance_data!$E$3:$BI$3, 0) + 4) & ":" & ADDRESS(1000, MATCH($B24, Attendance_data!$E$3:$BI$3, 0) + 4)), "A" ) ),"")} -> 0.92307692 | R24: {=IFERROR( COUNTIFS(Attendance_data!$B$4:$B$1000,R$4, INDIRECT("Attendance_data!" & ADDRESS(4, MATCH($B24, Attendance_data!$E$3:$BI$3, 0) + 4) & ":" & ADDRESS(1000, MATCH($B24, Attendance_data!$E$3:$BI$3, 0) + 4)), "P" ) / ( COUNTIFS( Attendance_data!$B$4:$B$1000,R$4, INDIRECT("Attendance_data!" & ADDRESS(4, MATCH($B24, Attendance_data!$E$3:$BI$3, 0) + 4) & ":" & ADDRESS(1000, MATCH($B24, Attendance_data!$E$3:$BI$3, 0) + 4)), "P" ) + COUNTIFS( Attendance_data!$B$4:$B$1000,R$4, INDIRECT("Attendance_data!" & ADDRESS(4, MATCH($B24, Attendance_data!$E$3:$BI$3, 0) + 4) & ":" & ADDRESS(1000, MATCH($B24, Attendance_data!$E$3:$BI$3, 0) + 4)), "A" ) ),"")} -> 1 | S24: {=IFERROR( COUNTIFS(Attendance_data!$B$4:$B$1000,S$4, INDIRECT("Attendance_data!" & ADDRESS(4, MATCH($B24, Attendance_data!$E$3:$BI$3, 0) + 4) & ":" & ADDRESS(1000, MATCH($B24, Attendance_data!$E$3:$BI$3, 0) + 4)), "P" ) / ( COUNTIFS( Attendance_data!$B$4:$B$1000,S$4, INDIRECT("Attendance_data!" & ADDRESS(4, MATCH($B24, Attendance_data!$E$3:$BI$3, 0) + 4) & ":" & ADDRESS(1000, MATCH($B24, Attendance_data!$E$3:$BI$3, 0) + 4)), "P" ) + COUNTIFS( Attendance_data!$B$4:$B$1000,S$4, INDIRECT("Attendance_data!" & ADDRESS(4, MATCH($B24, Attendance_data!$E$3:$BI$3, 0) + 4) & ":" & ADDRESS(1000, MATCH($B24, Attendance_data!$E$3:$BI$3, 0) + 4)), "A" ) ),"")} -> 0.72727273 | T24: {=IFERROR( COUNTIFS(Attendance_data!$B$4:$B$1000,T$4, INDIRECT("Attendance_data!" & ADDRESS(4, MATCH($B24, Attendance_data!$E$3:$BI$3, 0) + 4) & ":" & ADDRESS(1000, MATCH($B24, Attendance_data!$E$3:$BI$3, 0) + 4)), "P" ) / ( COUNTIFS( Attendance_data!$B$4:$B$1000,T$4, INDIRECT("Attendance_data!" & ADDRESS(4, MATCH($B24, Attendance_data!$E$3:$BI$3, 0) + 4) & ":" & ADDRESS(1000, MATCH($B24, Attendance_data!$E$3:$BI$3, 0) + 4)), "P" ) + COUNTIFS( Attendance_data!$B$4:$B$1000,T$4, INDIRECT("Attendance_data!" & ADDRESS(4, MATCH($B24, Attendance_data!$E$3:$BI$3, 0) + 4) & ":" & ADDRESS(1000, MATCH($B24, Attendance_data!$E$3:$BI$3, 0) + 4)), "A" ) ),"")} -> 0.6 | U24: {=IFERROR( COUNTIFS(Attendance_data!$B$4:$B$1000,U$4, INDIRECT("Attendance_data!" & ADDRESS(4, MATCH($B24, Attendance_data!$E$3:$BI$3, 0) + 4) & ":" & ADDRESS(1000, MATCH($B24, Attendance_data!$E$3:$BI$3, 0) + 4)), "P" ) / ( COUNTIFS( Attendance_data!$B$4:$B$1000,U$4, INDIRECT("Attendance_data!" & ADDRESS(4, MATCH($B24, Attendance_data!$E$3:$BI$3, 0) + 4) & ":" & ADDRESS(1000, MATCH($B24, Attendance_data!$E$3:$BI$3, 0) + 4)), "P" ) + COUNTIFS( Attendance_data!$B$4:$B$1000,U$4, INDIRECT("Attendance_data!" & ADDRESS(4, MATCH($B24, Attendance_data!$E$3:$BI$3, 0) + 4) & ":" & ADDRESS(1000, MATCH($B24, Attendance_data!$E$3:$BI$3, 0) + 4)), "A" ) ),"")} -> 0.92 | V24: {=IFERROR( COUNTIFS(Attendance_data!$B$4:$B$1000,V$4, INDIRECT("Attendance_data!" & ADDRESS(4, MATCH($B24, Attendance_data!$E$3:$BI$3, 0) + 4) & ":" & ADDRESS(1000, MATCH($B24, Attendance_data!$E$3:$BI$3, 0) + 4)), "P" ) / ( COUNTIFS( Attendance_data!$B$4:$B$1000,V$4, INDIRECT("Attendance_data!" & ADDRESS(4, MATCH($B24, Attendance_data!$E$3:$BI$3, 0) + 4) & ":" & ADDRESS(1000, MATCH($B24, Attendance_data!$E$3:$BI$3, 0) + 4)), "P" ) + COUNTIFS( Attendance_data!$B$4:$B$1000,V$4, INDIRECT("Attendance_data!" & ADDRESS(4, MATCH($B24, Attendance_data!$E$3:$BI$3, 0) + 4) & ":" & ADDRESS(1000, MATCH($B24, Attendance_data!$E$3:$BI$3, 0) + 4)), "A" ) ),"")} -> 0.88 | W24: {=IFERROR( COUNTIFS(Attendance_data!$B$4:$B$1000,W$4, INDIRECT("Attendance_data!" & ADDRESS(4, MATCH($B24, Attendance_data!$E$3:$BI$3, 0) + 4) & ":" & ADDRESS(1000, MATCH($B24, Attendance_data!$E$3:$BI$3, 0) + 4)), "P" ) / ( COUNTIFS( Attendance_data!$B$4:$B$1000,W$4, INDIRECT("Attendance_data!" & ADDRESS(4, MATCH($B24, Attendance_data!$E$3:$BI$3, 0) + 4) & ":" & ADDRESS(1000, MATCH($B24, Attendance_data!$E$3:$BI$3, 0) + 4)), "P" ) + COUNTIFS( Attendance_data!$B$4:$B$1000,W$4, INDIRECT("Attendance_data!" & ADDRESS(4, MATCH($B24, Attendance_data!$E$3:$BI$3, 0) + 4) & ":" & ADDRESS(1000, MATCH($B24, Attendance_data!$E$3:$BI$3, 0) + 4)), "A" ) ),"")} -> 0.88 | ... AA24: {=IFERROR( COUNTIFS(Attendance_data!$B$4:$B$1000,AA$4, INDIRECT("Attendance_data!" & ADDRESS(4, MATCH($B24, Attendance_data!$E$3:$BI$3, 0) + 4) & ":" & ADDRESS(1000, MATCH($B24, Attendance_data!$E$3:$BI$3, 0) + 4)), "P" ) / ( COUNTIFS( Attendance_data!$B$4:$B$1000,AA$4, INDIRECT("Attendance_data!" & ADDRESS(4, MATCH($B24, Attendance_data!$E$3:$BI$3, 0) + 4) & ":" & ADDRESS(1000, MATCH($B24, Attendance_data!$E$3:$BI$3, 0) + 4)), "P" ) + COUNTIFS( Attendance_data!$B$4:$B$1000,AA$4, INDIRECT("Attendance_data!" & ADDRESS(4, MATCH($B24, Attendance_data!$E$3:$BI$3, 0) + 4) & ":" & ADDRESS(1000, MATCH($B24, Attendance_data!$E$3:$BI$3, 0) + 4)), "A" ) ),"")} | AB24: =AVERAGEIF(P24:Z24,">0") -> 0.86466195
... A27: =ROW()-4 -> 23 | B27: NMUD81 | C27: Jyoti yogendra Rajbhar | D27: 8th | E27: Girl | F27: 9506650309 | G27: Drawing | H27: 2025 | I27: Active | J27: 30 | K27: 30 | L27: 30 | M27: 28 | N27: 30 | O27: 25 | P27: {=IFERROR( COUNTIFS(Attendance_data!$B$4:$B$1000,P$4, INDIRECT("Attendance_data!" & ADDRESS(4, MATCH($B27, Attendance_data!$E$3:$BI$3, 0) + 4) & ":" & ADDRESS(1000, MATCH($B27, Attendance_data!$E$3:$BI$3, 0) + 4)), "P" ) / ( COUNTIFS( Attendance_data!$B$4:$B$1000,P$4, INDIRECT("Attendance_data!" & ADDRESS(4, MATCH($B27, Attendance_data!$E$3:$BI$3, 0) + 4) & ":" & ADDRESS(1000, MATCH($B27, Attendance_data!$E$3:$BI$3, 0) + 4)), "P" ) + COUNTIFS( Attendance_data!$B$4:$B$1000,P$4, INDIRECT("Attendance_data!" & ADDRESS(4, MATCH($B27, Attendance_data!$E$3:$BI$3, 0) + 4) & ":" & ADDRESS(1000, MATCH($B27, Attendance_data!$E$3:$BI$3, 0) + 4)), "A" ) ),"")} | Q27: {=IFERROR( COUNTIFS(Attendance_data!$B$4:$B$1000,Q$4, INDIRECT("Attendance_data!" & ADDRESS(4, MATCH($B27, Attendance_data!$E$3:$BI$3, 0) + 4) & ":" & ADDRESS(1000, MATCH($B27, Attendance_data!$E$3:$BI$3, 0) + 4)), "P" ) / ( COUNTIFS( Attendance_data!$B$4:$B$1000,Q$4, INDIRECT("Attendance_data!" & ADDRESS(4, MATCH($B27, Attendance_data!$E$3:$BI$3, 0) + 4) & ":" & ADDRESS(1000, MATCH($B27, Attendance_data!$E$3:$BI$3, 0) + 4)), "P" ) + COUNTIFS( Attendance_data!$B$4:$B$1000,Q$4, INDIRECT("Attendance_data!" & ADDRESS(4, MATCH($B27, Attendance_data!$E$3:$BI$3, 0) + 4) & ":" & ADDRESS(1000, MATCH($B27, Attendance_data!$E$3:$BI$3, 0) + 4)), "A" ) ),"")} -> 1 | R27: {=IFERROR( COUNTIFS(Attendance_data!$B$4:$B$1000,R$4, INDIRECT("Attendance_data!" & ADDRESS(4, MATCH($B27, Attendance_data!$E$3:$BI$3, 0) + 4) & ":" & ADDRESS(1000, MATCH($B27, Attendance_data!$E$3:$BI$3, 0) + 4)), "P" ) / ( COUNTIFS( Attendance_data!$B$4:$B$1000,R$4, INDIRECT("Attendance_data!" & ADDRESS(4, MATCH($B27, Attendance_data!$E$3:$BI$3, 0) + 4) & ":" & ADDRESS(1000, MATCH($B27, Attendance_data!$E$3:$BI$3, 0) + 4)), "P" ) + COUNTIFS( Attendance_data!$B$4:$B$1000,R$4, INDIRECT("Attendance_data!" & ADDRESS(4, MATCH($B27, Attendance_data!$E$3:$BI$3, 0) + 4) & ":" & ADDRESS(1000, MATCH($B27, Attendance_data!$E$3:$BI$3, 0) + 4)), "A" ) ),"")} -> 1 | S27: {=IFERROR( COUNTIFS(Attendance_data!$B$4:$B$1000,S$4, INDIRECT("Attendance_data!" & ADDRESS(4, MATCH($B27, Attendance_data!$E$3:$BI$3, 0) + 4) & ":" & ADDRESS(1000, MATCH($B27, Attendance_data!$E$3:$BI$3, 0) + 4)), "P" ) / ( COUNTIFS( Attendance_data!$B$4:$B$1000,S$4, INDIRECT("Attendance_data!" & ADDRESS(4, MATCH($B27, Attendance_data!$E$3:$BI$3, 0) + 4) & ":" & ADDRESS(1000, MATCH($B27, Attendance_data!$E$3:$BI$3, 0) + 4)), "P" ) + COUNTIFS( Attendance_data!$B$4:$B$1000,S$4, INDIRECT("Attendance_data!" & ADDRESS(4, MATCH($B27, Attendance_data!$E$3:$BI$3, 0) + 4) & ":" & ADDRESS(1000, MATCH($B27, Attendance_data!$E$3:$BI$3, 0) + 4)), "A" ) ),"")} -> 1 | T27: {=IFERROR( COUNTIFS(Attendance_data!$B$4:$B$1000,T$4, INDIRECT("Attendance_data!" & ADDRESS(4, MATCH($B27, Attendance_data!$E$3:$BI$3, 0) + 4) & ":" & ADDRESS(1000, MATCH($B27, Attendance_data!$E$3:$BI$3, 0) + 4)), "P" ) / ( COUNTIFS( Attendance_data!$B$4:$B$1000,T$4, INDIRECT("Attendance_data!" & ADDRESS(4, MATCH($B27, Attendance_data!$E$3:$BI$3, 0) + 4) & ":" & ADDRESS(1000, MATCH($B27, Attendance_data!$E$3:$BI$3, 0) + 4)), "P" ) + COUNTIFS( Attendance_data!$B$4:$B$1000,T$4, INDIRECT("Attendance_data!" & ADDRESS(4, MATCH($B27, Attendance_data!$E$3:$BI$3, 0) + 4) & ":" & ADDRESS(1000, MATCH($B27, Attendance_data!$E$3:$BI$3, 0) + 4)), "A" ) ),"")} -> 0.85 | U27: {=IFERROR( COUNTIFS(Attendance_data!$B$4:$B$1000,U$4, INDIRECT("Attendance_data!" & ADDRESS(4, MATCH($B27, Attendance_data!$E$3:$BI$3, 0) + 4) & ":" & ADDRESS(1000, MATCH($B27, Attendance_data!$E$3:$BI$3, 0) + 4)), "P" ) / ( COUNTIFS( Attendance_data!$B$4:$B$1000,U$4, INDIRECT("Attendance_data!" & ADDRESS(4, MATCH($B27, Attendance_data!$E$3:$BI$3, 0) + 4) & ":" & ADDRESS(1000, MATCH($B27, Attendance_data!$E$3:$BI$3, 0) + 4)), "P" ) + COUNTIFS( Attendance_data!$B$4:$B$1000,U$4, INDIRECT("Attendance_data!" & ADDRESS(4, MATCH($B27, Attendance_data!$E$3:$BI$3, 0) + 4) & ":" & ADDRESS(1000, MATCH($B27, Attendance_data!$E$3:$BI$3, 0) + 4)), "A" ) ),"")} -> 0.8 | V27: {=IFERROR( COUNTIFS(Attendance_data!$B$4:$B$1000,V$4, INDIRECT("Attendance_data!" & ADDRESS(4, MATCH($B27, Attendance_data!$E$3:$BI$3, 0) + 4) & ":" & ADDRESS(1000, MATCH($B27, Attendance_data!$E$3:$BI$3, 0) + 4)), "P" ) / ( COUNTIFS( Attendance_data!$B$4:$B$1000,V$4, INDIRECT("Attendance_data!" & ADDRESS(4, MATCH($B27, Attendance_data!$E$3:$BI$3, 0) + 4) & ":" & ADDRESS(1000, MATCH($B27, Attendance_data!$E$3:$BI$3, 0) + 4)), "P" ) + COUNTIFS( Attendance_data!$B$4:$B$1000,V$4, INDIRECT("Attendance_data!" & ADDRESS(4, MATCH($B27, Attendance_data!$E$3:$BI$3, 0) + 4) & ":" & ADDRESS(1000, MATCH($B27, Attendance_data!$E$3:$BI$3, 0) + 4)), "A" ) ),"")} -> 0.76 | W27: {=IFERROR( COUNTIFS(Attendance_data!$B$4:$B$1000,W$4, INDIRECT("Attendance_data!" & ADDRESS(4, MATCH($B27, Attendance_data!$E$3:$BI$3, 0) + 4) & ":" & ADDRESS(1000, MATCH($B27, Attendance_data!$E$3:$BI$3, 0) + 4)), "P" ) / ( COUNTIFS( Attendance_data!$B$4:$B$1000,W$4, INDIRECT("Attendance_data!" & ADDRESS(4, MATCH($B27, Attendance_data!$E$3:$BI$3, 0) + 4) & ":" & ADDRESS(1000, MATCH($B27, Attendance_data!$E$3:$BI$3, 0) + 4)), "P" ) + COUNTIFS( Attendance_data!$B$4:$B$1000,W$4, INDIRECT("Attendance_data!" & ADDRESS(4, MATCH($B27, Attendance_data!$E$3:$BI$3, 0) + 4) & ":" & ADDRESS(1000, MATCH($B27, Attendance_data!$E$3:$BI$3, 0) + 4)), "A" ) ),"")} -> 0.72 | ... AA27: {=IFERROR( COUNTIFS(Attendance_data!$B$4:$B$1000,AA$4, INDIRECT("Attendance_data!" & ADDRESS(4, MATCH($B27, Attendance_data!$E$3:$BI$3, 0) + 4) & ":" & ADDRESS(1000, MATCH($B27, Attendance_data!$E$3:$BI$3, 0) + 4)), "P" ) / ( COUNTIFS( Attendance_data!$B$4:$B$1000,AA$4, INDIRECT("Attendance_data!" & ADDRESS(4, MATCH($B27, Attendance_data!$E$3:$BI$3, 0) + 4) & ":" & ADDRESS(1000, MATCH($B27, Attendance_data!$E$3:$BI$3, 0) + 4)), "P" ) + COUNTIFS( Attendance_data!$B$4:$B$1000,AA$4, INDIRECT("Attendance_data!" & ADDRESS(4, MATCH($B27, Attendance_data!$E$3:$BI$3, 0) + 4) & ":" & ADDRESS(1000, MATCH($B27, Attendance_data!$E$3:$BI$3, 0) + 4)), "A" ) ),"")} | AB27: =AVERAGEIF(P27:Z27,">0") -> 0.85288095
A28: =ROW()-4 -> 24 | B28: NMUD82 | C28: Pooja Manpuran Malhotra | D28: 8th | E28: Girl | F28: 7781840523 | G28: Dancing | H28: 2025 | I28: Dropout | J28: 23 | K28: 30 | L28: D | M28: D | N28: D | O28: D | P28: {=IFERROR( COUNTIFS(Attendance_data!$B$4:$B$1000,P$4, INDIRECT("Attendance_data!" & ADDRESS(4, MATCH($B28, Attendance_data!$E$3:$BI$3, 0) + 4) & ":" & ADDRESS(1000, MATCH($B28, Attendance_data!$E$3:$BI$3, 0) + 4)), "P" ) / ( COUNTIFS( Attendance_data!$B$4:$B$1000,P$4, INDIRECT("Attendance_data!" & ADDRESS(4, MATCH($B28, Attendance_data!$E$3:$BI$3, 0) + 4) & ":" & ADDRESS(1000, MATCH($B28, Attendance_data!$E$3:$BI$3, 0) + 4)), "P" ) + COUNTIFS( Attendance_data!$B$4:$B$1000,P$4, INDIRECT("Attendance_data!" & ADDRESS(4, MATCH($B28, Attendance_data!$E$3:$BI$3, 0) + 4) & ":" & ADDRESS(1000, MATCH($B28, Attendance_data!$E$3:$BI$3, 0) + 4)), "A" ) ),"")} | Q28: {=IFERROR( COUNTIFS(Attendance_data!$B$4:$B$1000,Q$4, INDIRECT("Attendance_data!" & ADDRESS(4, MATCH($B28, Attendance_data!$E$3:$BI$3, 0) + 4) & ":" & ADDRESS(1000, MATCH($B28, Attendance_data!$E$3:$BI$3, 0) + 4)), "P" ) / ( COUNTIFS( Attendance_data!$B$4:$B$1000,Q$4, INDIRECT("Attendance_data!" & ADDRESS(4, MATCH($B28, Attendance_data!$E$3:$BI$3, 0) + 4) & ":" & ADDRESS(1000, MATCH($B28, Attendance_data!$E$3:$BI$3, 0) + 4)), "P" ) + COUNTIFS( Attendance_data!$B$4:$B$1000,Q$4, INDIRECT("Attendance_data!" & ADDRESS(4, MATCH($B28, Attendance_data!$E$3:$BI$3, 0) + 4) & ":" & ADDRESS(1000, MATCH($B28, Attendance_data!$E$3:$BI$3, 0) + 4)), "A" ) ),"")} | R28: {=IFERROR( COUNTIFS(Attendance_data!$B$4:$B$1000,R$4, INDIRECT("Attendance_data!" & ADDRESS(4, MATCH($B28, Attendance_data!$E$3:$BI$3, 0) + 4) & ":" & ADDRESS(1000, MATCH($B28, Attendance_data!$E$3:$BI$3, 0) + 4)), "P" ) / ( COUNTIFS( Attendance_data!$B$4:$B$1000,R$4, INDIRECT("Attendance_data!" & ADDRESS(4, MATCH($B28, Attendance_data!$E$3:$BI$3, 0) + 4) & ":" & ADDRESS(1000, MATCH($B28, Attendance_data!$E$3:$BI$3, 0) + 4)), "P" ) + COUNTIFS( Attendance_data!$B$4:$B$1000,R$4, INDIRECT("Attendance_data!" & ADDRESS(4, MATCH($B28, Attendance_data!$E$3:$BI$3, 0) + 4) & ":" & ADDRESS(1000, MATCH($B28, Attendance_data!$E$3:$BI$3, 0) + 4)), "A" ) ),"")} -> 1 | S28: {=IFERROR( COUNTIFS(Attendance_data!$B$4:$B$1000,S$4, INDIRECT("Attendance_data!" & ADDRESS(4, MATCH($B28, Attendance_data!$E$3:$BI$3, 0) + 4) & ":" & ADDRESS(1000, MATCH($B28, Attendance_data!$E$3:$BI$3, 0) + 4)), "P" ) / ( COUNTIFS( Attendance_data!$B$4:$B$1000,S$4, INDIRECT("Attendance_data!" & ADDRESS(4, MATCH($B28, Attendance_data!$E$3:$BI$3, 0) + 4) & ":" & ADDRESS(1000, MATCH($B28, Attendance_data!$E$3:$BI$3, 0) + 4)), "P" ) + COUNTIFS( Attendance_data!$B$4:$B$1000,S$4, INDIRECT("Attendance_data!" & ADDRESS(4, MATCH($B28, Attendance_data!$E$3:$BI$3, 0) + 4) & ":" & ADDRESS(1000, MATCH($B28, Attendance_data!$E$3:$BI$3, 0) + 4)), "A" ) ),"")} -> 0.5 | T28: {=IFERROR( COUNTIFS(Attendance_data!$B$4:$B$1000,T$4, INDIRECT("Attendance_data!" & ADDRESS(4, MATCH($B28, Attendance_data!$E$3:$BI$3, 0) + 4) & ":" & ADDRESS(1000, MATCH($B28, Attendance_data!$E$3:$BI$3, 0) + 4)), "P" ) / ( COUNTIFS( Attendance_data!$B$4:$B$1000,T$4, INDIRECT("Attendance_data!" & ADDRESS(4, MATCH($B28, Attendance_data!$E$3:$BI$3, 0) + 4) & ":" & ADDRESS(1000, MATCH($B28, Attendance_data!$E$3:$BI$3, 0) + 4)), "P" ) + COUNTIFS( Attendance_data!$B$4:$B$1000,T$4, INDIRECT("Attendance_data!" & ADDRESS(4, MATCH($B28, Attendance_data!$E$3:$BI$3, 0) + 4) & ":" & ADDRESS(1000, MATCH($B28, Attendance_data!$E$3:$BI$3, 0) + 4)), "A" ) ),"")} -> 0 | U28: {=IFERROR( COUNTIFS(Attendance_data!$B$4:$B$1000,U$4, INDIRECT("Attendance_data!" & ADDRESS(4, MATCH($B28, Attendance_data!$E$3:$BI$3, 0) + 4) & ":" & ADDRESS(1000, MATCH($B28, Attendance_data!$E$3:$BI$3, 0) + 4)), "P" ) / ( COUNTIFS( Attendance_data!$B$4:$B$1000,U$4, INDIRECT("Attendance_data!" & ADDRESS(4, MATCH($B28, Attendance_data!$E$3:$BI$3, 0) + 4) & ":" & ADDRESS(1000, MATCH($B28, Attendance_data!$E$3:$BI$3, 0) + 4)), "P" ) + COUNTIFS( Attendance_data!$B$4:$B$1000,U$4, INDIRECT("Attendance_data!" & ADDRESS(4, MATCH($B28, Attendance_data!$E$3:$BI$3, 0) + 4) & ":" & ADDRESS(1000, MATCH($B28, Attendance_data!$E$3:$BI$3, 0) + 4)), "A" ) ),"")} | V28: {=IFERROR( COUNTIFS(Attendance_data!$B$4:$B$1000,V$4, INDIRECT("Attendance_data!" & ADDRESS(4, MATCH($B28, Attendance_data!$E$3:$BI$3, 0) + 4) & ":" & ADDRESS(1000, MATCH($B28, Attendance_data!$E$3:$BI$3, 0) + 4)), "P" ) / ( COUNTIFS( Attendance_data!$B$4:$B$1000,V$4, INDIRECT("Attendance_data!" & ADDRESS(4, MATCH($B28, Attendance_data!$E$3:$BI$3, 0) + 4) & ":" & ADDRESS(1000, MATCH($B28, Attendance_data!$E$3:$BI$3, 0) + 4)), "P" ) + COUNTIFS( Attendance_data!$B$4:$B$1000,V$4, INDIRECT("Attendance_data!" & ADDRESS(4, MATCH($B28, Attendance_data!$E$3:$BI$3, 0) + 4) & ":" & ADDRESS(1000, MATCH($B28, Attendance_data!$E$3:$BI$3, 0) + 4)), "A" ) ),"")} | W28: {=IFERROR( COUNTIFS(Attendance_data!$B$4:$B$1000,W$4, INDIRECT("Attendance_data!" & ADDRESS(4, MATCH($B28, Attendance_data!$E$3:$BI$3, 0) + 4) & ":" & ADDRESS(1000, MATCH($B28, Attendance_data!$E$3:$BI$3, 0) + 4)), "P" ) / ( COUNTIFS( Attendance_data!$B$4:$B$1000,W$4, INDIRECT("Attendance_data!" & ADDRESS(4, MATCH($B28, Attendance_data!$E$3:$BI$3, 0) + 4) & ":" & ADDRESS(1000, MATCH($B28, Attendance_data!$E$3:$BI$3, 0) + 4)), "P" ) + COUNTIFS( Attendance_data!$B$4:$B$1000,W$4, INDIRECT("Attendance_data!" & ADDRESS(4, MATCH($B28, Attendance_data!$E$3:$BI$3, 0) + 4) & ":" & ADDRESS(1000, MATCH($B28, Attendance_data!$E$3:$BI$3, 0) + 4)), "A" ) ),"")} | ... AA28: {=IFERROR( COUNTIFS(Attendance_data!$B$4:$B$1000,AA$4, INDIRECT("Attendance_data!" & ADDRESS(4, MATCH($B28, Attendance_data!$E$3:$BI$3, 0) + 4) & ":" & ADDRESS(1000, MATCH($B28, Attendance_data!$E$3:$BI$3, 0) + 4)), "P" ) / ( COUNTIFS( Attendance_data!$B$4:$B$1000,AA$4, INDIRECT("Attendance_data!" & ADDRESS(4, MATCH($B28, Attendance_data!$E$3:$BI$3, 0) + 4) & ":" & ADDRESS(1000, MATCH($B28, Attendance_data!$E$3:$BI$3, 0) + 4)), "P" ) + COUNTIFS( Attendance_data!$B$4:$B$1000,AA$4, INDIRECT("Attendance_data!" & ADDRESS(4, MATCH($B28, Attendance_data!$E$3:$BI$3, 0) + 4) & ":" & ADDRESS(1000, MATCH($B28, Attendance_data!$E$3:$BI$3, 0) + 4)), "A" ) ),"")} | AB28: =AVERAGEIF(P28:Z28,">0") -> 0.75
A29: =ROW()-4 -> 25 | B29: NMUD83 | C29: Ananya Ganesh Shinde | D29: 10th | E29: Girl | F29: 9987974116 | G29: Dance | H29: 2025 | I29: Active | J29: 24 | K29: 29 | L29: 29 | M29: 27 | N29: 29 | O29: NA | P29: {=IFERROR( COUNTIFS(Attendance_data!$B$4:$B$1000,P$4, INDIRECT("Attendance_data!" & ADDRESS(4, MATCH($B29, Attendance_data!$E$3:$BI$3, 0) + 4) & ":" & ADDRESS(1000, MATCH($B29, Attendance_data!$E$3:$BI$3, 0) + 4)), "P" ) / ( COUNTIFS( Attendance_data!$B$4:$B$1000,P$4, INDIRECT("Attendance_data!" & ADDRESS(4, MATCH($B29, Attendance_data!$E$3:$BI$3, 0) + 4) & ":" & ADDRESS(1000, MATCH($B29, Attendance_data!$E$3:$BI$3, 0) + 4)), "P" ) + COUNTIFS( Attendance_data!$B$4:$B$1000,P$4, INDIRECT("Attendance_data!" & ADDRESS(4, MATCH($B29, Attendance_data!$E$3:$BI$3, 0) + 4) & ":" & ADDRESS(1000, MATCH($B29, Attendance_data!$E$3:$BI$3, 0) + 4)), "A" ) ),"")} | Q29: {=IFERROR( COUNTIFS(Attendance_data!$B$4:$B$1000,Q$4, INDIRECT("Attendance_data!" & ADDRESS(4, MATCH($B29, Attendance_data!$E$3:$BI$3, 0) + 4) & ":" & ADDRESS(1000, MATCH($B29, Attendance_data!$E$3:$BI$3, 0) + 4)), "P" ) / ( COUNTIFS( Attendance_data!$B$4:$B$1000,Q$4, INDIRECT("Attendance_data!" & ADDRESS(4, MATCH($B29, Attendance_data!$E$3:$BI$3, 0) + 4) & ":" & ADDRESS(1000, MATCH($B29, Attendance_data!$E$3:$BI$3, 0) + 4)), "P" ) + COUNTIFS( Attendance_data!$B$4:$B$1000,Q$4, INDIRECT("Attendance_data!" & ADDRESS(4, MATCH($B29, Attendance_data!$E$3:$BI$3, 0) + 4) & ":" & ADDRESS(1000, MATCH($B29, Attendance_data!$E$3:$BI$3, 0) + 4)), "A" ) ),"")} -> 0.44 | R29: {=IFERROR( COUNTIFS(Attendance_data!$B$4:$B$1000,R$4, INDIRECT("Attendance_data!" & ADDRESS(4, MATCH($B29, Attendance_data!$E$3:$BI$3, 0) + 4) & ":" & ADDRESS(1000, MATCH($B29, Attendance_data!$E$3:$BI$3, 0) + 4)), "P" ) / ( COUNTIFS( Attendance_data!$B$4:$B$1000,R$4, INDIRECT("Attendance_data!" & ADDRESS(4, MATCH($B29, Attendance_data!$E$3:$BI$3, 0) + 4) & ":" & ADDRESS(1000, MATCH($B29, Attendance_data!$E$3:$BI$3, 0) + 4)), "P" ) + COUNTIFS( Attendance_data!$B$4:$B$1000,R$4, INDIRECT("Attendance_data!" & ADDRESS(4, MATCH($B29, Attendance_data!$E$3:$BI$3, 0) + 4) & ":" & ADDRESS(1000, MATCH($B29, Attendance_data!$E$3:$BI$3, 0) + 4)), "A" ) ),"")} -> 0.36842105 | S29: {=IFERROR( COUNTIFS(Attendance_data!$B$4:$B$1000,S$4, INDIRECT("Attendance_data!" & ADDRESS(4, MATCH($B29, Attendance_data!$E$3:$BI$3, 0) + 4) & ":" & ADDRESS(1000, MATCH($B29, Attendance_data!$E$3:$BI$3, 0) + 4)), "P" ) / ( COUNTIFS( Attendance_data!$B$4:$B$1000,S$4, INDIRECT("Attendance_data!" & ADDRESS(4, MATCH($B29, Attendance_data!$E$3:$BI$3, 0) + 4) & ":" & ADDRESS(1000, MATCH($B29, Attendance_data!$E$3:$BI$3, 0) + 4)), "P" ) + COUNTIFS( Attendance_data!$B$4:$B$1000,S$4, INDIRECT("Attendance_data!" & ADDRESS(4, MATCH($B29, Attendance_data!$E$3:$BI$3, 0) + 4) & ":" & ADDRESS(1000, MATCH($B29, Attendance_data!$E$3:$BI$3, 0) + 4)), "A" ) ),"")} -> 0.22727273 | T29: {=IFERROR( COUNTIFS(Attendance_data!$B$4:$B$1000,T$4, INDIRECT("Attendance_data!" & ADDRESS(4, MATCH($B29, Attendance_data!$E$3:$BI$3, 0) + 4) & ":" & ADDRESS(1000, MATCH($B29, Attendance_data!$E$3:$BI$3, 0) + 4)), "P" ) / ( COUNTIFS( Attendance_data!$B$4:$B$1000,T$4, INDIRECT("Attendance_data!" & ADDRESS(4, MATCH($B29, Attendance_data!$E$3:$BI$3, 0) + 4) & ":" & ADDRESS(1000, MATCH($B29, Attendance_data!$E$3:$BI$3, 0) + 4)), "P" ) + COUNTIFS( Attendance_data!$B$4:$B$1000,T$4, INDIRECT("Attendance_data!" & ADDRESS(4, MATCH($B29, Attendance_data!$E$3:$BI$3, 0) + 4) & ":" & ADDRESS(1000, MATCH($B29, Attendance_data!$E$3:$BI$3, 0) + 4)), "A" ) ),"")} -> 0.55 | U29: {=IFERROR( COUNTIFS(Attendance_data!$B$4:$B$1000,U$4, INDIRECT("Attendance_data!" & ADDRESS(4, MATCH($B29, Attendance_data!$E$3:$BI$3, 0) + 4) & ":" & ADDRESS(1000, MATCH($B29, Attendance_data!$E$3:$BI$3, 0) + 4)), "P" ) / ( COUNTIFS( Attendance_data!$B$4:$B$1000,U$4, INDIRECT("Attendance_data!" & ADDRESS(4, MATCH($B29, Attendance_data!$E$3:$BI$3, 0) + 4) & ":" & ADDRESS(1000, MATCH($B29, Attendance_data!$E$3:$BI$3, 0) + 4)), "P" ) + COUNTIFS( Attendance_data!$B$4:$B$1000,U$4, INDIRECT("Attendance_data!" & ADDRESS(4, MATCH($B29, Attendance_data!$E$3:$BI$3, 0) + 4) & ":" & ADDRESS(1000, MATCH($B29, Attendance_data!$E$3:$BI$3, 0) + 4)), "A" ) ),"")} -> 0.48 | V29: {=IFERROR( COUNTIFS(Attendance_data!$B$4:$B$1000,V$4, INDIRECT("Attendance_data!" & ADDRESS(4, MATCH($B29, Attendance_data!$E$3:$BI$3, 0) + 4) & ":" & ADDRESS(1000, MATCH($B29, Attendance_data!$E$3:$BI$3, 0) + 4)), "P" ) / ( COUNTIFS( Attendance_data!$B$4:$B$1000,V$4, INDIRECT("Attendance_data!" & ADDRESS(4, MATCH($B29, Attendance_data!$E$3:$BI$3, 0) + 4) & ":" & ADDRESS(1000, MATCH($B29, Attendance_data!$E$3:$BI$3, 0) + 4)), "P" ) + COUNTIFS( Attendance_data!$B$4:$B$1000,V$4, INDIRECT("Attendance_data!" & ADDRESS(4, MATCH($B29, Attendance_data!$E$3:$BI$3, 0) + 4) & ":" & ADDRESS(1000, MATCH($B29, Attendance_data!$E$3:$BI$3, 0) + 4)), "A" ) ),"")} -> 0.8 | W29: {=IFERROR( COUNTIFS(Attendance_data!$B$4:$B$1000,W$4, INDIRECT("Attendance_data!" & ADDRESS(4, MATCH($B29, Attendance_data!$E$3:$BI$3, 0) + 4) & ":" & ADDRESS(1000, MATCH($B29, Attendance_data!$E$3:$BI$3, 0) + 4)), "P" ) / ( COUNTIFS( Attendance_data!$B$4:$B$1000,W$4, INDIRECT("Attendance_data!" & ADDRESS(4, MATCH($B29, Attendance_data!$E$3:$BI$3, 0) + 4) & ":" & ADDRESS(1000, MATCH($B29, Attendance_data!$E$3:$BI$3, 0) + 4)), "P" ) + COUNTIFS( Attendance_data!$B$4:$B$1000,W$4, INDIRECT("Attendance_data!" & ADDRESS(4, MATCH($B29, Attendance_data!$E$3:$BI$3, 0) + 4) & ":" & ADDRESS(1000, MATCH($B29, Attendance_data!$E$3:$BI$3, 0) + 4)), "A" ) ),"")} -> 0.6 | ... AA29: {=IFERROR( COUNTIFS(Attendance_data!$B$4:$B$1000,AA$4, INDIRECT("Attendance_data!" & ADDRESS(4, MATCH($B29, Attendance_data!$E$3:$BI$3, 0) + 4) & ":" & ADDRESS(1000, MATCH($B29, Attendance_data!$E$3:$BI$3, 0) + 4)), "P" ) / ( COUNTIFS( Attendance_data!$B$4:$B$1000,AA$4, INDIRECT("Attendance_data!" & ADDRESS(4, MATCH($B29, Attendance_data!$E$3:$BI$3, 0) + 4) & ":" & ADDRESS(1000, MATCH($B29, Attendance_data!$E$3:$BI$3, 0) + 4)), "P" ) + COUNTIFS( Attendance_data!$B$4:$B$1000,AA$4, INDIRECT("Attendance_data!" & ADDRESS(4, MATCH($B29, Attendance_data!$E$3:$BI$3, 0) + 4) & ":" & ADDRESS(1000, MATCH($B29, Attendance_data!$E$3:$BI$3, 0) + 4)), "A" ) ),"")} | AB29: =AVERAGEIF(P29:Z29,">0") -> 0.4969662
A30: =ROW()-4 -> 26 | B30: NMUD84 | C30: Radhika Bhimrao Gavhane | D30: 10th | E30: Girl | F30: 8104558224 | G30: Drawing | H30: 2025 | I30: Active | J30: 20 | K30: 25 | L30: 27 | M30: 26 | N30: 26 | O30: NA | P30: {=IFERROR( COUNTIFS(Attendance_data!$B$4:$B$1000,P$4, INDIRECT("Attendance_data!" & ADDRESS(4, MATCH($B30, Attendance_data!$E$3:$BI$3, 0) + 4) & ":" & ADDRESS(1000, MATCH($B30, Attendance_data!$E$3:$BI$3, 0) + 4)), "P" ) / ( COUNTIFS( Attendance_data!$B$4:$B$1000,P$4, INDIRECT("Attendance_data!" & ADDRESS(4, MATCH($B30, Attendance_data!$E$3:$BI$3, 0) + 4) & ":" & ADDRESS(1000, MATCH($B30, Attendance_data!$E$3:$BI$3, 0) + 4)), "P" ) + COUNTIFS( Attendance_data!$B$4:$B$1000,P$4, INDIRECT("Attendance_data!" & ADDRESS(4, MATCH($B30, Attendance_data!$E$3:$BI$3, 0) + 4) & ":" & ADDRESS(1000, MATCH($B30, Attendance_data!$E$3:$BI$3, 0) + 4)), "A" ) ),"")} | Q30: {=IFERROR( COUNTIFS(Attendance_data!$B$4:$B$1000,Q$4, INDIRECT("Attendance_data!" & ADDRESS(4, MATCH($B30, Attendance_data!$E$3:$BI$3, 0) + 4) & ":" & ADDRESS(1000, MATCH($B30, Attendance_data!$E$3:$BI$3, 0) + 4)), "P" ) / ( COUNTIFS( Attendance_data!$B$4:$B$1000,Q$4, INDIRECT("Attendance_data!" & ADDRESS(4, MATCH($B30, Attendance_data!$E$3:$BI$3, 0) + 4) & ":" & ADDRESS(1000, MATCH($B30, Attendance_data!$E$3:$BI$3, 0) + 4)), "P" ) + COUNTIFS( Attendance_data!$B$4:$B$1000,Q$4, INDIRECT("Attendance_data!" & ADDRESS(4, MATCH($B30, Attendance_data!$E$3:$BI$3, 0) + 4) & ":" & ADDRESS(1000, MATCH($B30, Attendance_data!$E$3:$BI$3, 0) + 4)), "A" ) ),"")} | R30: {=IFERROR( COUNTIFS(Attendance_data!$B$4:$B$1000,R$4, INDIRECT("Attendance_data!" & ADDRESS(4, MATCH($B30, Attendance_data!$E$3:$BI$3, 0) + 4) & ":" & ADDRESS(1000, MATCH($B30, Attendance_data!$E$3:$BI$3, 0) + 4)), "P" ) / ( COUNTIFS( Attendance_data!$B$4:$B$1000,R$4, INDIRECT("Attendance_data!" & ADDRESS(4, MATCH($B30, Attendance_data!$E$3:$BI$3, 0) + 4) & ":" & ADDRESS(1000, MATCH($B30, Attendance_data!$E$3:$BI$3, 0) + 4)), "P" ) + COUNTIFS( Attendance_data!$B$4:$B$1000,R$4, INDIRECT("Attendance_data!" & ADDRESS(4, MATCH($B30, Attendance_data!$E$3:$BI$3, 0) + 4) & ":" & ADDRESS(1000, MATCH($B30, Attendance_data!$E$3:$BI$3, 0) + 4)), "A" ) ),"")} -> 0.89473684 | S30: {=IFERROR( COUNTIFS(Attendance_data!$B$4:$B$1000,S$4, INDIRECT("Attendance_data!" & ADDRESS(4, MATCH($B30, Attendance_data!$E$3:$BI$3, 0) + 4) & ":" & ADDRESS(1000, MATCH($B30, Attendance_data!$E$3:$BI$3, 0) + 4)), "P" ) / ( COUNTIFS( Attendance_data!$B$4:$B$1000,S$4, INDIRECT("Attendance_data!" & ADDRESS(4, MATCH($B30, Attendance_data!$E$3:$BI$3, 0) + 4) & ":" & ADDRESS(1000, MATCH($B30, Attendance_data!$E$3:$BI$3, 0) + 4)), "P" ) + COUNTIFS( Attendance_data!$B$4:$B$1000,S$4, INDIRECT("Attendance_data!" & ADDRESS(4, MATCH($B30, Attendance_data!$E$3:$BI$3, 0) + 4) & ":" & ADDRESS(1000, MATCH($B30, Attendance_data!$E$3:$BI$3, 0) + 4)), "A" ) ),"")} -> 0.86363636 | T30: {=IFERROR( COUNTIFS(Attendance_data!$B$4:$B$1000,T$4, INDIRECT("Attendance_data!" & ADDRESS(4, MATCH($B30, Attendance_data!$E$3:$BI$3, 0) + 4) & ":" & ADDRESS(1000, MATCH($B30, Attendance_data!$E$3:$BI$3, 0) + 4)), "P" ) / ( COUNTIFS( Attendance_data!$B$4:$B$1000,T$4, INDIRECT("Attendance_data!" & ADDRESS(4, MATCH($B30, Attendance_data!$E$3:$BI$3, 0) + 4) & ":" & ADDRESS(1000, MATCH($B30, Attendance_data!$E$3:$BI$3, 0) + 4)), "P" ) + COUNTIFS( Attendance_data!$B$4:$B$1000,T$4, INDIRECT("Attendance_data!" & ADDRESS(4, MATCH($B30, Attendance_data!$E$3:$BI$3, 0) + 4) & ":" & ADDRESS(1000, MATCH($B30, Attendance_data!$E$3:$BI$3, 0) + 4)), "A" ) ),"")} -> 0.85 | U30: {=IFERROR( COUNTIFS(Attendance_data!$B$4:$B$1000,U$4, INDIRECT("Attendance_data!" & ADDRESS(4, MATCH($B30, Attendance_data!$E$3:$BI$3, 0) + 4) & ":" & ADDRESS(1000, MATCH($B30, Attendance_data!$E$3:$BI$3, 0) + 4)), "P" ) / ( COUNTIFS( Attendance_data!$B$4:$B$1000,U$4, INDIRECT("Attendance_data!" & ADDRESS(4, MATCH($B30, Attendance_data!$E$3:$BI$3, 0) + 4) & ":" & ADDRESS(1000, MATCH($B30, Attendance_data!$E$3:$BI$3, 0) + 4)), "P" ) + COUNTIFS( Attendance_data!$B$4:$B$1000,U$4, INDIRECT("Attendance_data!" & ADDRESS(4, MATCH($B30, Attendance_data!$E$3:$BI$3, 0) + 4) & ":" & ADDRESS(1000, MATCH($B30, Attendance_data!$E$3:$BI$3, 0) + 4)), "A" ) ),"")} -> 0.92 | V30: {=IFERROR( COUNTIFS(Attendance_data!$B$4:$B$1000,V$4, INDIRECT("Attendance_data!" & ADDRESS(4, MATCH($B30, Attendance_data!$E$3:$BI$3, 0) + 4) & ":" & ADDRESS(1000, MATCH($B30, Attendance_data!$E$3:$BI$3, 0) + 4)), "P" ) / ( COUNTIFS( Attendance_data!$B$4:$B$1000,V$4, INDIRECT("Attendance_data!" & ADDRESS(4, MATCH($B30, Attendance_data!$E$3:$BI$3, 0) + 4) & ":" & ADDRESS(1000, MATCH($B30, Attendance_data!$E$3:$BI$3, 0) + 4)), "P" ) + COUNTIFS( Attendance_data!$B$4:$B$1000,V$4, INDIRECT("Attendance_data!" & ADDRESS(4, MATCH($B30, Attendance_data!$E$3:$BI$3, 0) + 4) & ":" & ADDRESS(1000, MATCH($B30, Attendance_data!$E$3:$BI$3, 0) + 4)), "A" ) ),"")} -> 0.92 | W30: {=IFERROR( COUNTIFS(Attendance_data!$B$4:$B$1000,W$4, INDIRECT("Attendance_data!" & ADDRESS(4, MATCH($B30, Attendance_data!$E$3:$BI$3, 0) + 4) & ":" & ADDRESS(1000, MATCH($B30, Attendance_data!$E$3:$BI$3, 0) + 4)), "P" ) / ( COUNTIFS( Attendance_data!$B$4:$B$1000,W$4, INDIRECT("Attendance_data!" & ADDRESS(4, MATCH($B30, Attendance_data!$E$3:$BI$3, 0) + 4) & ":" & ADDRESS(1000, MATCH($B30, Attendance_data!$E$3:$BI$3, 0) + 4)), "P" ) + COUNTIFS( Attendance_data!$B$4:$B$1000,W$4, INDIRECT("Attendance_data!" & ADDRESS(4, MATCH($B30, Attendance_data!$E$3:$BI$3, 0) + 4) & ":" & ADDRESS(1000, MATCH($B30, Attendance_data!$E$3:$BI$3, 0) + 4)), "A" ) ),"")} -> 1 | ... AA30: {=IFERROR( COUNTIFS(Attendance_data!$B$4:$B$1000,AA$4, INDIRECT("Attendance_data!" & ADDRESS(4, MATCH($B30, Attendance_data!$E$3:$BI$3, 0) + 4) & ":" & ADDRESS(1000, MATCH($B30, Attendance_data!$E$3:$BI$3, 0) + 4)), "P" ) / ( COUNTIFS( Attendance_data!$B$4:$B$1000,AA$4, INDIRECT("Attendance_data!" & ADDRESS(4, MATCH($B30, Attendance_data!$E$3:$BI$3, 0) + 4) & ":" & ADDRESS(1000, MATCH($B30, Attendance_data!$E$3:$BI$3, 0) + 4)), "P" ) + COUNTIFS( Attendance_data!$B$4:$B$1000,AA$4, INDIRECT("Attendance_data!" & ADDRESS(4, MATCH($B30, Attendance_data!$E$3:$BI$3, 0) + 4) & ":" & ADDRESS(1000, MATCH($B30, Attendance_data!$E$3:$BI$3, 0) + 4)), "A" ) ),"")} | AB30: =AVERAGEIF(P30:Z30,">0") -> 0.80466933
A31: =ROW()-4 -> 27 | B31: NMUD85 | C31: Rajvi mishra | D31: 3rd | E31: Girl | F31: 7021505206 | G31: Dance | H31: 2025 | I31: Active | M31: 16 | N31: 18 | O31: 19 | P31: {=IFERROR( COUNTIFS(Attendance_data!$B$4:$B$1000,P$4, INDIRECT("Attendance_data!" & ADDRESS(4, MATCH($B31, Attendance_data!$E$3:$BI$3, 0) + 4) & ":" & ADDRESS(1000, MATCH($B31, Attendance_data!$E$3:$BI$3, 0) + 4)), "P" ) / ( COUNTIFS( Attendance_data!$B$4:$B$1000,P$4, INDIRECT("Attendance_data!" & ADDRESS(4, MATCH($B31, Attendance_data!$E$3:$BI$3, 0) + 4) & ":" & ADDRESS(1000, MATCH($B31, Attendance_data!$E$3:$BI$3, 0) + 4)), "P" ) + COUNTIFS( Attendance_data!$B$4:$B$1000,P$4, INDIRECT("Attendance_data!" & ADDRESS(4, MATCH($B31, Attendance_data!$E$3:$BI$3, 0) + 4) & ":" & ADDRESS(1000, MATCH($B31, Attendance_data!$E$3:$BI$3, 0) + 4)), "A" ) ),"")} | Q31: {=IFERROR( COUNTIFS(Attendance_data!$B$4:$B$1000,Q$4, INDIRECT("Attendance_data!" & ADDRESS(4, MATCH($B31, Attendance_data!$E$3:$BI$3, 0) + 4) & ":" & ADDRESS(1000, MATCH($B31, Attendance_data!$E$3:$BI$3, 0) + 4)), "P" ) / ( COUNTIFS( Attendance_data!$B$4:$B$1000,Q$4, INDIRECT("Attendance_data!" & ADDRESS(4, MATCH($B31, Attendance_data!$E$3:$BI$3, 0) + 4) & ":" & ADDRESS(1000, MATCH($B31, Attendance_data!$E$3:$BI$3, 0) + 4)), "P" ) + COUNTIFS( Attendance_data!$B$4:$B$1000,Q$4, INDIRECT("Attendance_data!" & ADDRESS(4, MATCH($B31, Attendance_data!$E$3:$BI$3, 0) + 4) & ":" & ADDRESS(1000, MATCH($B31, Attendance_data!$E$3:$BI$3, 0) + 4)), "A" ) ),"")} | R31: {=IFERROR( COUNTIFS(Attendance_data!$B$4:$B$1000,R$4, INDIRECT("Attendance_data!" & ADDRESS(4, MATCH($B31, Attendance_data!$E$3:$BI$3, 0) + 4) & ":" & ADDRESS(1000, MATCH($B31, Attendance_data!$E$3:$BI$3, 0) + 4)), "P" ) / ( COUNTIFS( Attendance_data!$B$4:$B$1000,R$4, INDIRECT("Attendance_data!" & ADDRESS(4, MATCH($B31, Attendance_data!$E$3:$BI$3, 0) + 4) & ":" & ADDRESS(1000, MATCH($B31, Attendance_data!$E$3:$BI$3, 0) + 4)), "P" ) + COUNTIFS( Attendance_data!$B$4:$B$1000,R$4, INDIRECT("Attendance_data!" & ADDRESS(4, MATCH($B31, Attendance_data!$E$3:$BI$3, 0) + 4) & ":" & ADDRESS(1000, MATCH($B31, Attendance_data!$E$3:$BI$3, 0) + 4)), "A" ) ),"")} -> 0.73684211 | S31: {=IFERROR( COUNTIFS(Attendance_data!$B$4:$B$1000,S$4, INDIRECT("Attendance_data!" & ADDRESS(4, MATCH($B31, Attendance_data!$E$3:$BI$3, 0) + 4) & ":" & ADDRESS(1000, MATCH($B31, Attendance_data!$E$3:$BI$3, 0) + 4)), "P" ) / ( COUNTIFS( Attendance_data!$B$4:$B$1000,S$4, INDIRECT("Attendance_data!" & ADDRESS(4, MATCH($B31, Attendance_data!$E$3:$BI$3, 0) + 4) & ":" & ADDRESS(1000, MATCH($B31, Attendance_data!$E$3:$BI$3, 0) + 4)), "P" ) + COUNTIFS( Attendance_data!$B$4:$B$1000,S$4, INDIRECT("Attendance_data!" & ADDRESS(4, MATCH($B31, Attendance_data!$E$3:$BI$3, 0) + 4) & ":" & ADDRESS(1000, MATCH($B31, Attendance_data!$E$3:$BI$3, 0) + 4)), "A" ) ),"")} -> 0.90909091 | T31: {=IFERROR( COUNTIFS(Attendance_data!$B$4:$B$1000,T$4, INDIRECT("Attendance_data!" & ADDRESS(4, MATCH($B31, Attendance_data!$E$3:$BI$3, 0) + 4) & ":" & ADDRESS(1000, MATCH($B31, Attendance_data!$E$3:$BI$3, 0) + 4)), "P" ) / ( COUNTIFS( Attendance_data!$B$4:$B$1000,T$4, INDIRECT("Attendance_data!" & ADDRESS(4, MATCH($B31, Attendance_data!$E$3:$BI$3, 0) + 4) & ":" & ADDRESS(1000, MATCH($B31, Attendance_data!$E$3:$BI$3, 0) + 4)), "P" ) + COUNTIFS( Attendance_data!$B$4:$B$1000,T$4, INDIRECT("Attendance_data!" & ADDRESS(4, MATCH($B31, Attendance_data!$E$3:$BI$3, 0) + 4) & ":" & ADDRESS(1000, MATCH($B31, Attendance_data!$E$3:$BI$3, 0) + 4)), "A" ) ),"")} -> 0.9 | U31: {=IFERROR( COUNTIFS(Attendance_data!$B$4:$B$1000,U$4, INDIRECT("Attendance_data!" & ADDRESS(4, MATCH($B31, Attendance_data!$E$3:$BI$3, 0) + 4) & ":" & ADDRESS(1000, MATCH($B31, Attendance_data!$E$3:$BI$3, 0) + 4)), "P" ) / ( COUNTIFS( Attendance_data!$B$4:$B$1000,U$4, INDIRECT("Attendance_data!" & ADDRESS(4, MATCH($B31, Attendance_data!$E$3:$BI$3, 0) + 4) & ":" & ADDRESS(1000, MATCH($B31, Attendance_data!$E$3:$BI$3, 0) + 4)), "P" ) + COUNTIFS( Attendance_data!$B$4:$B$1000,U$4, INDIRECT("Attendance_data!" & ADDRESS(4, MATCH($B31, Attendance_data!$E$3:$BI$3, 0) + 4) & ":" & ADDRESS(1000, MATCH($B31, Attendance_data!$E$3:$BI$3, 0) + 4)), "A" ) ),"")} -> 1 | V31: {=IFERROR( COUNTIFS(Attendance_data!$B$4:$B$1000,V$4, INDIRECT("Attendance_data!" & ADDRESS(4, MATCH($B31, Attendance_data!$E$3:$BI$3, 0) + 4) & ":" & ADDRESS(1000, MATCH($B31, Attendance_data!$E$3:$BI$3, 0) + 4)), "P" ) / ( COUNTIFS( Attendance_data!$B$4:$B$1000,V$4, INDIRECT("Attendance_data!" & ADDRESS(4, MATCH($B31, Attendance_data!$E$3:$BI$3, 0) + 4) & ":" & ADDRESS(1000, MATCH($B31, Attendance_data!$E$3:$BI$3, 0) + 4)), "P" ) + COUNTIFS( Attendance_data!$B$4:$B$1000,V$4, INDIRECT("Attendance_data!" & ADDRESS(4, MATCH($B31, Attendance_data!$E$3:$BI$3, 0) + 4) & ":" & ADDRESS(1000, MATCH($B31, Attendance_data!$E$3:$BI$3, 0) + 4)), "A" ) ),"")} -> 0.8 | W31: {=IFERROR( COUNTIFS(Attendance_data!$B$4:$B$1000,W$4, INDIRECT("Attendance_data!" & ADDRESS(4, MATCH($B31, Attendance_data!$E$3:$BI$3, 0) + 4) & ":" & ADDRESS(1000, MATCH($B31, Attendance_data!$E$3:$BI$3, 0) + 4)), "P" ) / ( COUNTIFS( Attendance_data!$B$4:$B$1000,W$4, INDIRECT("Attendance_data!" & ADDRESS(4, MATCH($B31, Attendance_data!$E$3:$BI$3, 0) + 4) & ":" & ADDRESS(1000, MATCH($B31, Attendance_data!$E$3:$BI$3, 0) + 4)), "P" ) + COUNTIFS( Attendance_data!$B$4:$B$1000,W$4, INDIRECT("Attendance_data!" & ADDRESS(4, MATCH($B31, Attendance_data!$E$3:$BI$3, 0) + 4) & ":" & ADDRESS(1000, MATCH($B31, Attendance_data!$E$3:$BI$3, 0) + 4)), "A" ) ),"")} -> 0.88 | ... AA31: {=IFERROR( COUNTIFS(Attendance_data!$B$4:$B$1000,AA$4, INDIRECT("Attendance_data!" & ADDRESS(4, MATCH($B31, Attendance_data!$E$3:$BI$3, 0) + 4) & ":" & ADDRESS(1000, MATCH($B31, Attendance_data!$E$3:$BI$3, 0) + 4)), "P" ) / ( COUNTIFS( Attendance_data!$B$4:$B$1000,AA$4, INDIRECT("Attendance_data!" & ADDRESS(4, MATCH($B31, Attendance_data!$E$3:$BI$3, 0) + 4) & ":" & ADDRESS(1000, MATCH($B31, Attendance_data!$E$3:$BI$3, 0) + 4)), "P" ) + COUNTIFS( Attendance_data!$B$4:$B$1000,AA$4, INDIRECT("Attendance_data!" & ADDRESS(4, MATCH($B31, Attendance_data!$E$3:$BI$3, 0) + 4) & ":" & ADDRESS(1000, MATCH($B31, Attendance_data!$E$3:$BI$3, 0) + 4)), "A" ) ),"")} | AB31: =AVERAGEIF(P31:Z31,">0") -> 0.90936293
A32: =ROW()-4 -> 28 | B32: NMUD86 | C32: Asad sirajuddin shaikh | D32: 4th | E32: Boy | F32: 9807476874 | G32: Book balance | H32: 2025 | I32: Active | M32: 9 | N32: 13 | O32: 16 | P32: {=IFERROR( COUNTIFS(Attendance_data!$B$4:$B$1000,P$4, INDIRECT("Attendance_data!" & ADDRESS(4, MATCH($B32, Attendance_data!$E$3:$BI$3, 0) + 4) & ":" & ADDRESS(1000, MATCH($B32, Attendance_data!$E$3:$BI$3, 0) + 4)), "P" ) / ( COUNTIFS( Attendance_data!$B$4:$B$1000,P$4, INDIRECT("Attendance_data!" & ADDRESS(4, MATCH($B32, Attendance_data!$E$3:$BI$3, 0) + 4) & ":" & ADDRESS(1000, MATCH($B32, Attendance_data!$E$3:$BI$3, 0) + 4)), "P" ) + COUNTIFS( Attendance_data!$B$4:$B$1000,P$4, INDIRECT("Attendance_data!" & ADDRESS(4, MATCH($B32, Attendance_data!$E$3:$BI$3, 0) + 4) & ":" & ADDRESS(1000, MATCH($B32, Attendance_data!$E$3:$BI$3, 0) + 4)), "A" ) ),"")} | Q32: {=IFERROR( COUNTIFS(Attendance_data!$B$4:$B$1000,Q$4, INDIRECT("Attendance_data!" & ADDRESS(4, MATCH($B32, Attendance_data!$E$3:$BI$3, 0) + 4) & ":" & ADDRESS(1000, MATCH($B32, Attendance_data!$E$3:$BI$3, 0) + 4)), "P" ) / ( COUNTIFS( Attendance_data!$B$4:$B$1000,Q$4, INDIRECT("Attendance_data!" & ADDRESS(4, MATCH($B32, Attendance_data!$E$3:$BI$3, 0) + 4) & ":" & ADDRESS(1000, MATCH($B32, Attendance_data!$E$3:$BI$3, 0) + 4)), "P" ) + COUNTIFS( Attendance_data!$B$4:$B$1000,Q$4, INDIRECT("Attendance_data!" & ADDRESS(4, MATCH($B32, Attendance_data!$E$3:$BI$3, 0) + 4) & ":" & ADDRESS(1000, MATCH($B32, Attendance_data!$E$3:$BI$3, 0) + 4)), "A" ) ),"")} | R32: {=IFERROR( COUNTIFS(Attendance_data!$B$4:$B$1000,R$4, INDIRECT("Attendance_data!" & ADDRESS(4, MATCH($B32, Attendance_data!$E$3:$BI$3, 0) + 4) & ":" & ADDRESS(1000, MATCH($B32, Attendance_data!$E$3:$BI$3, 0) + 4)), "P" ) / ( COUNTIFS( Attendance_data!$B$4:$B$1000,R$4, INDIRECT("Attendance_data!" & ADDRESS(4, MATCH($B32, Attendance_data!$E$3:$BI$3, 0) + 4) & ":" & ADDRESS(1000, MATCH($B32, Attendance_data!$E$3:$BI$3, 0) + 4)), "P" ) + COUNTIFS( Attendance_data!$B$4:$B$1000,R$4, INDIRECT("Attendance_data!" & ADDRESS(4, MATCH($B32, Attendance_data!$E$3:$BI$3, 0) + 4) & ":" & ADDRESS(1000, MATCH($B32, Attendance_data!$E$3:$BI$3, 0) + 4)), "A" ) ),"")} | S32: {=IFERROR( COUNTIFS(Attendance_data!$B$4:$B$1000,S$4, INDIRECT("Attendance_data!" & ADDRESS(4, MATCH($B32, Attendance_data!$E$3:$BI$3, 0) + 4) & ":" & ADDRESS(1000, MATCH($B32, Attendance_data!$E$3:$BI$3, 0) + 4)), "P" ) / ( COUNTIFS( Attendance_data!$B$4:$B$1000,S$4, INDIRECT("Attendance_data!" & ADDRESS(4, MATCH($B32, Attendance_data!$E$3:$BI$3, 0) + 4) & ":" & ADDRESS(1000, MATCH($B32, Attendance_data!$E$3:$BI$3, 0) + 4)), "P" ) + COUNTIFS( Attendance_data!$B$4:$B$1000,S$4, INDIRECT("Attendance_data!" & ADDRESS(4, MATCH($B32, Attendance_data!$E$3:$BI$3, 0) + 4) & ":" & ADDRESS(1000, MATCH($B32, Attendance_data!$E$3:$BI$3, 0) + 4)), "A" ) ),"")} | T32: {=IFERROR( COUNTIFS(Attendance_data!$B$4:$B$1000,T$4, INDIRECT("Attendance_data!" & ADDRESS(4, MATCH($B32, Attendance_data!$E$3:$BI$3, 0) + 4) & ":" & ADDRESS(1000, MATCH($B32, Attendance_data!$E$3:$BI$3, 0) + 4)), "P" ) / ( COUNTIFS( Attendance_data!$B$4:$B$1000,T$4, INDIRECT("Attendance_data!" & ADDRESS(4, MATCH($B32, Attendance_data!$E$3:$BI$3, 0) + 4) & ":" & ADDRESS(1000, MATCH($B32, Attendance_data!$E$3:$BI$3, 0) + 4)), "P" ) + COUNTIFS( Attendance_data!$B$4:$B$1000,T$4, INDIRECT("Attendance_data!" & ADDRESS(4, MATCH($B32, Attendance_data!$E$3:$BI$3, 0) + 4) & ":" & ADDRESS(1000, MATCH($B32, Attendance_data!$E$3:$BI$3, 0) + 4)), "A" ) ),"")} | U32: {=IFERROR( COUNTIFS(Attendance_data!$B$4:$B$1000,U$4, INDIRECT("Attendance_data!" & ADDRESS(4, MATCH($B32, Attendance_data!$E$3:$BI$3, 0) + 4) & ":" & ADDRESS(1000, MATCH($B32, Attendance_data!$E$3:$BI$3, 0) + 4)), "P" ) / ( COUNTIFS( Attendance_data!$B$4:$B$1000,U$4, INDIRECT("Attendance_data!" & ADDRESS(4, MATCH($B32, Attendance_data!$E$3:$BI$3, 0) + 4) & ":" & ADDRESS(1000, MATCH($B32, Attendance_data!$E$3:$BI$3, 0) + 4)), "P" ) + COUNTIFS( Attendance_data!$B$4:$B$1000,U$4, INDIRECT("Attendance_data!" & ADDRESS(4, MATCH($B32, Attendance_data!$E$3:$BI$3, 0) + 4) & ":" & ADDRESS(1000, MATCH($B32, Attendance_data!$E$3:$BI$3, 0) + 4)), "A" ) ),"")} | V32: {=IFERROR( COUNTIFS(Attendance_data!$B$4:$B$1000,V$4, INDIRECT("Attendance_data!" & ADDRESS(4, MATCH($B32, Attendance_data!$E$3:$BI$3, 0) + 4) & ":" & ADDRESS(1000, MATCH($B32, Attendance_data!$E$3:$BI$3, 0) + 4)), "P" ) / ( COUNTIFS( Attendance_data!$B$4:$B$1000,V$4, INDIRECT("Attendance_data!" & ADDRESS(4, MATCH($B32, Attendance_data!$E$3:$BI$3, 0) + 4) & ":" & ADDRESS(1000, MATCH($B32, Attendance_data!$E$3:$BI$3, 0) + 4)), "P" ) + COUNTIFS( Attendance_data!$B$4:$B$1000,V$4, INDIRECT("Attendance_data!" & ADDRESS(4, MATCH($B32, Attendance_data!$E$3:$BI$3, 0) + 4) & ":" & ADDRESS(1000, MATCH($B32, Attendance_data!$E$3:$BI$3, 0) + 4)), "A" ) ),"")} -> 0.79166667 | W32: {=IFERROR( COUNTIFS(Attendance_data!$B$4:$B$1000,W$4, INDIRECT("Attendance_data!" & ADDRESS(4, MATCH($B32, Attendance_data!$E$3:$BI$3, 0) + 4) & ":" & ADDRESS(1000, MATCH($B32, Attendance_data!$E$3:$BI$3, 0) + 4)), "P" ) / ( COUNTIFS( Attendance_data!$B$4:$B$1000,W$4, INDIRECT("Attendance_data!" & ADDRESS(4, MATCH($B32, Attendance_data!$E$3:$BI$3, 0) + 4) & ":" & ADDRESS(1000, MATCH($B32, Attendance_data!$E$3:$BI$3, 0) + 4)), "P" ) + COUNTIFS( Attendance_data!$B$4:$B$1000,W$4, INDIRECT("Attendance_data!" & ADDRESS(4, MATCH($B32, Attendance_data!$E$3:$BI$3, 0) + 4) & ":" & ADDRESS(1000, MATCH($B32, Attendance_data!$E$3:$BI$3, 0) + 4)), "A" ) ),"")} -> 0.84 | ... AA32: {=IFERROR( COUNTIFS(Attendance_data!$B$4:$B$1000,AA$4, INDIRECT("Attendance_data!" & ADDRESS(4, MATCH($B32, Attendance_data!$E$3:$BI$3, 0) + 4) & ":" & ADDRESS(1000, MATCH($B32, Attendance_data!$E$3:$BI$3, 0) + 4)), "P" ) / ( COUNTIFS( Attendance_data!$B$4:$B$1000,AA$4, INDIRECT("Attendance_data!" & ADDRESS(4, MATCH($B32, Attendance_data!$E$3:$BI$3, 0) + 4) & ":" & ADDRESS(1000, MATCH($B32, Attendance_data!$E$3:$BI$3, 0) + 4)), "P" ) + COUNTIFS( Attendance_data!$B$4:$B$1000,AA$4, INDIRECT("Attendance_data!" & ADDRESS(4, MATCH($B32, Attendance_data!$E$3:$BI$3, 0) + 4) & ":" & ADDRESS(1000, MATCH($B32, Attendance_data!$E$3:$BI$3, 0) + 4)), "A" ) ),"")} | AB32: =AVERAGEIF(P32:Z32,">0") -> 0.68665079
A33: =ROW()-4 -> 29 | B33: NMUD87 | C33: Anas sirajuddin shaikh | D33: 5th | E33: Boy | F33: 9807476874 | G33: Running | H33: 2025 | I33: Active | M33: 11 | N33: 17 | O33: 20 | P33: {=IFERROR( COUNTIFS(Attendance_data!$B$4:$B$1000,P$4, INDIRECT("Attendance_data!" & ADDRESS(4, MATCH($B33, Attendance_data!$E$3:$BI$3, 0) + 4) & ":" & ADDRESS(1000, MATCH($B33, Attendance_data!$E$3:$BI$3, 0) + 4)), "P" ) / ( COUNTIFS( Attendance_data!$B$4:$B$1000,P$4, INDIRECT("Attendance_data!" & ADDRESS(4, MATCH($B33, Attendance_data!$E$3:$BI$3, 0) + 4) & ":" & ADDRESS(1000, MATCH($B33, Attendance_data!$E$3:$BI$3, 0) + 4)), "P" ) + COUNTIFS( Attendance_data!$B$4:$B$1000,P$4, INDIRECT("Attendance_data!" & ADDRESS(4, MATCH($B33, Attendance_data!$E$3:$BI$3, 0) + 4) & ":" & ADDRESS(1000, MATCH($B33, Attendance_data!$E$3:$BI$3, 0) + 4)), "A" ) ),"")} | Q33: {=IFERROR( COUNTIFS(Attendance_data!$B$4:$B$1000,Q$4, INDIRECT("Attendance_data!" & ADDRESS(4, MATCH($B33, Attendance_data!$E$3:$BI$3, 0) + 4) & ":" & ADDRESS(1000, MATCH($B33, Attendance_data!$E$3:$BI$3, 0) + 4)), "P" ) / ( COUNTIFS( Attendance_data!$B$4:$B$1000,Q$4, INDIRECT("Attendance_data!" & ADDRESS(4, MATCH($B33, Attendance_data!$E$3:$BI$3, 0) + 4) & ":" & ADDRESS(1000, MATCH($B33, Attendance_data!$E$3:$BI$3, 0) + 4)), "P" ) + COUNTIFS( Attendance_data!$B$4:$B$1000,Q$4, INDIRECT("Attendance_data!" & ADDRESS(4, MATCH($B33, Attendance_data!$E$3:$BI$3, 0) + 4) & ":" & ADDRESS(1000, MATCH($B33, Attendance_data!$E$3:$BI$3, 0) + 4)), "A" ) ),"")} | R33: {=IFERROR( COUNTIFS(Attendance_data!$B$4:$B$1000,R$4, INDIRECT("Attendance_data!" & ADDRESS(4, MATCH($B33, Attendance_data!$E$3:$BI$3, 0) + 4) & ":" & ADDRESS(1000, MATCH($B33, Attendance_data!$E$3:$BI$3, 0) + 4)), "P" ) / ( COUNTIFS( Attendance_data!$B$4:$B$1000,R$4, INDIRECT("Attendance_data!" & ADDRESS(4, MATCH($B33, Attendance_data!$E$3:$BI$3, 0) + 4) & ":" & ADDRESS(1000, MATCH($B33, Attendance_data!$E$3:$BI$3, 0) + 4)), "P" ) + COUNTIFS( Attendance_data!$B$4:$B$1000,R$4, INDIRECT("Attendance_data!" & ADDRESS(4, MATCH($B33, Attendance_data!$E$3:$BI$3, 0) + 4) & ":" & ADDRESS(1000, MATCH($B33, Attendance_data!$E$3:$BI$3, 0) + 4)), "A" ) ),"")} | S33: {=IFERROR( COUNTIFS(Attendance_data!$B$4:$B$1000,S$4, INDIRECT("Attendance_data!" & ADDRESS(4, MATCH($B33, Attendance_data!$E$3:$BI$3, 0) + 4) & ":" & ADDRESS(1000, MATCH($B33, Attendance_data!$E$3:$BI$3, 0) + 4)), "P" ) / ( COUNTIFS( Attendance_data!$B$4:$B$1000,S$4, INDIRECT("Attendance_data!" & ADDRESS(4, MATCH($B33, Attendance_data!$E$3:$BI$3, 0) + 4) & ":" & ADDRESS(1000, MATCH($B33, Attendance_data!$E$3:$BI$3, 0) + 4)), "P" ) + COUNTIFS( Attendance_data!$B$4:$B$1000,S$4, INDIRECT("Attendance_data!" & ADDRESS(4, MATCH($B33, Attendance_data!$E$3:$BI$3, 0) + 4) & ":" & ADDRESS(1000, MATCH($B33, Attendance_data!$E$3:$BI$3, 0) + 4)), "A" ) ),"")} | T33: {=IFERROR( COUNTIFS(Attendance_data!$B$4:$B$1000,T$4, INDIRECT("Attendance_data!" & ADDRESS(4, MATCH($B33, Attendance_data!$E$3:$BI$3, 0) + 4) & ":" & ADDRESS(1000, MATCH($B33, Attendance_data!$E$3:$BI$3, 0) + 4)), "P" ) / ( COUNTIFS( Attendance_data!$B$4:$B$1000,T$4, INDIRECT("Attendance_data!" & ADDRESS(4, MATCH($B33, Attendance_data!$E$3:$BI$3, 0) + 4) & ":" & ADDRESS(1000, MATCH($B33, Attendance_data!$E$3:$BI$3, 0) + 4)), "P" ) + COUNTIFS( Attendance_data!$B$4:$B$1000,T$4, INDIRECT("Attendance_data!" & ADDRESS(4, MATCH($B33, Attendance_data!$E$3:$BI$3, 0) + 4) & ":" & ADDRESS(1000, MATCH($B33, Attendance_data!$E$3:$BI$3, 0) + 4)), "A" ) ),"")} | U33: {=IFERROR( COUNTIFS(Attendance_data!$B$4:$B$1000,U$4, INDIRECT("Attendance_data!" & ADDRESS(4, MATCH($B33, Attendance_data!$E$3:$BI$3, 0) + 4) & ":" & ADDRESS(1000, MATCH($B33, Attendance_data!$E$3:$BI$3, 0) + 4)), "P" ) / ( COUNTIFS( Attendance_data!$B$4:$B$1000,U$4, INDIRECT("Attendance_data!" & ADDRESS(4, MATCH($B33, Attendance_data!$E$3:$BI$3, 0) + 4) & ":" & ADDRESS(1000, MATCH($B33, Attendance_data!$E$3:$BI$3, 0) + 4)), "P" ) + COUNTIFS( Attendance_data!$B$4:$B$1000,U$4, INDIRECT("Attendance_data!" & ADDRESS(4, MATCH($B33, Attendance_data!$E$3:$BI$3, 0) + 4) & ":" & ADDRESS(1000, MATCH($B33, Attendance_data!$E$3:$BI$3, 0) + 4)), "A" ) ),"")} | V33: {=IFERROR( COUNTIFS(Attendance_data!$B$4:$B$1000,V$4, INDIRECT("Attendance_data!" & ADDRESS(4, MATCH($B33, Attendance_data!$E$3:$BI$3, 0) + 4) & ":" & ADDRESS(1000, MATCH($B33, Attendance_data!$E$3:$BI$3, 0) + 4)), "P" ) / ( COUNTIFS( Attendance_data!$B$4:$B$1000,V$4, INDIRECT("Attendance_data!" & ADDRESS(4, MATCH($B33, Attendance_data!$E$3:$BI$3, 0) + 4) & ":" & ADDRESS(1000, MATCH($B33, Attendance_data!$E$3:$BI$3, 0) + 4)), "P" ) + COUNTIFS( Attendance_data!$B$4:$B$1000,V$4, INDIRECT("Attendance_data!" & ADDRESS(4, MATCH($B33, Attendance_data!$E$3:$BI$3, 0) + 4) & ":" & ADDRESS(1000, MATCH($B33, Attendance_data!$E$3:$BI$3, 0) + 4)), "A" ) ),"")} -> 0.75 | W33: {=IFERROR( COUNTIFS(Attendance_data!$B$4:$B$1000,W$4, INDIRECT("Attendance_data!" & ADDRESS(4, MATCH($B33, Attendance_data!$E$3:$BI$3, 0) + 4) & ":" & ADDRESS(1000, MATCH($B33, Attendance_data!$E$3:$BI$3, 0) + 4)), "P" ) / ( COUNTIFS( Attendance_data!$B$4:$B$1000,W$4, INDIRECT("Attendance_data!" & ADDRESS(4, MATCH($B33, Attendance_data!$E$3:$BI$3, 0) + 4) & ":" & ADDRESS(1000, MATCH($B33, Attendance_data!$E$3:$BI$3, 0) + 4)), "P" ) + COUNTIFS( Attendance_data!$B$4:$B$1000,W$4, INDIRECT("Attendance_data!" & ADDRESS(4, MATCH($B33, Attendance_data!$E$3:$BI$3, 0) + 4) & ":" & ADDRESS(1000, MATCH($B33, Attendance_data!$E$3:$BI$3, 0) + 4)), "A" ) ),"")} -> 0.84 | ... AA33: {=IFERROR( COUNTIFS(Attendance_data!$B$4:$B$1000,AA$4, INDIRECT("Attendance_data!" & ADDRESS(4, MATCH($B33, Attendance_data!$E$3:$BI$3, 0) + 4) & ":" & ADDRESS(1000, MATCH($B33, Attendance_data!$E$3:$BI$3, 0) + 4)), "P" ) / ( COUNTIFS( Attendance_data!$B$4:$B$1000,AA$4, INDIRECT("Attendance_data!" & ADDRESS(4, MATCH($B33, Attendance_data!$E$3:$BI$3, 0) + 4) & ":" & ADDRESS(1000, MATCH($B33, Attendance_data!$E$3:$BI$3, 0) + 4)), "P" ) + COUNTIFS( Attendance_data!$B$4:$B$1000,AA$4, INDIRECT("Attendance_data!" & ADDRESS(4, MATCH($B33, Attendance_data!$E$3:$BI$3, 0) + 4) & ":" & ADDRESS(1000, MATCH($B33, Attendance_data!$E$3:$BI$3, 0) + 4)), "A" ) ),"")} | AB33: =AVERAGEIF(P33:Z33,">0") -> 0.67831746
A34: =ROW()-4 -> 30 | B34: NMUD88 | C34: Anam sirajuddin shaikh | D34: 8th | E34: Girl | F34: 9807476874 | G34: Kabbadi | H34: 2025 | I34: Active | M34: 21 | N34: 21 | O34: 24 | P34: {=IFERROR( COUNTIFS(Attendance_data!$B$4:$B$1000,P$4, INDIRECT("Attendance_data!" & ADDRESS(4, MATCH($B34, Attendance_data!$E$3:$BI$3, 0) + 4) & ":" & ADDRESS(1000, MATCH($B34, Attendance_data!$E$3:$BI$3, 0) + 4)), "P" ) / ( COUNTIFS( Attendance_data!$B$4:$B$1000,P$4, INDIRECT("Attendance_data!" & ADDRESS(4, MATCH($B34, Attendance_data!$E$3:$BI$3, 0) + 4) & ":" & ADDRESS(1000, MATCH($B34, Attendance_data!$E$3:$BI$3, 0) + 4)), "P" ) + COUNTIFS( Attendance_data!$B$4:$B$1000,P$4, INDIRECT("Attendance_data!" & ADDRESS(4, MATCH($B34, Attendance_data!$E$3:$BI$3, 0) + 4) & ":" & ADDRESS(1000, MATCH($B34, Attendance_data!$E$3:$BI$3, 0) + 4)), "A" ) ),"")} | Q34: {=IFERROR( COUNTIFS(Attendance_data!$B$4:$B$1000,Q$4, INDIRECT("Attendance_data!" & ADDRESS(4, MATCH($B34, Attendance_data!$E$3:$BI$3, 0) + 4) & ":" & ADDRESS(1000, MATCH($B34, Attendance_data!$E$3:$BI$3, 0) + 4)), "P" ) / ( COUNTIFS( Attendance_data!$B$4:$B$1000,Q$4, INDIRECT("Attendance_data!" & ADDRESS(4, MATCH($B34, Attendance_data!$E$3:$BI$3, 0) + 4) & ":" & ADDRESS(1000, MATCH($B34, Attendance_data!$E$3:$BI$3, 0) + 4)), "P" ) + COUNTIFS( Attendance_data!$B$4:$B$1000,Q$4, INDIRECT("Attendance_data!" & ADDRESS(4, MATCH($B34, Attendance_data!$E$3:$BI$3, 0) + 4) & ":" & ADDRESS(1000, MATCH($B34, Attendance_data!$E$3:$BI$3, 0) + 4)), "A" ) ),"")} | R34: {=IFERROR( COUNTIFS(Attendance_data!$B$4:$B$1000,R$4, INDIRECT("Attendance_data!" & ADDRESS(4, MATCH($B34, Attendance_data!$E$3:$BI$3, 0) + 4) & ":" & ADDRESS(1000, MATCH($B34, Attendance_data!$E$3:$BI$3, 0) + 4)), "P" ) / ( COUNTIFS( Attendance_data!$B$4:$B$1000,R$4, INDIRECT("Attendance_data!" & ADDRESS(4, MATCH($B34, Attendance_data!$E$3:$BI$3, 0) + 4) & ":" & ADDRESS(1000, MATCH($B34, Attendance_data!$E$3:$BI$3, 0) + 4)), "P" ) + COUNTIFS( Attendance_data!$B$4:$B$1000,R$4, INDIRECT("Attendance_data!" & ADDRESS(4, MATCH($B34, Attendance_data!$E$3:$BI$3, 0) + 4) & ":" & ADDRESS(1000, MATCH($B34, Attendance_data!$E$3:$BI$3, 0) + 4)), "A" ) ),"")} | S34: {=IFERROR( COUNTIFS(Attendance_data!$B$4:$B$1000,S$4, INDIRECT("Attendance_data!" & ADDRESS(4, MATCH($B34, Attendance_data!$E$3:$BI$3, 0) + 4) & ":" & ADDRESS(1000, MATCH($B34, Attendance_data!$E$3:$BI$3, 0) + 4)), "P" ) / ( COUNTIFS( Attendance_data!$B$4:$B$1000,S$4, INDIRECT("Attendance_data!" & ADDRESS(4, MATCH($B34, Attendance_data!$E$3:$BI$3, 0) + 4) & ":" & ADDRESS(1000, MATCH($B34, Attendance_data!$E$3:$BI$3, 0) + 4)), "P" ) + COUNTIFS( Attendance_data!$B$4:$B$1000,S$4, INDIRECT("Attendance_data!" & ADDRESS(4, MATCH($B34, Attendance_data!$E$3:$BI$3, 0) + 4) & ":" & ADDRESS(1000, MATCH($B34, Attendance_data!$E$3:$BI$3, 0) + 4)), "A" ) ),"")} | T34: {=IFERROR( COUNTIFS(Attendance_data!$B$4:$B$1000,T$4, INDIRECT("Attendance_data!" & ADDRESS(4, MATCH($B34, Attendance_data!$E$3:$BI$3, 0) + 4) & ":" & ADDRESS(1000, MATCH($B34, Attendance_data!$E$3:$BI$3, 0) + 4)), "P" ) / ( COUNTIFS( Attendance_data!$B$4:$B$1000,T$4, INDIRECT("Attendance_data!" & ADDRESS(4, MATCH($B34, Attendance_data!$E$3:$BI$3, 0) + 4) & ":" & ADDRESS(1000, MATCH($B34, Attendance_data!$E$3:$BI$3, 0) + 4)), "P" ) + COUNTIFS( Attendance_data!$B$4:$B$1000,T$4, INDIRECT("Attendance_data!" & ADDRESS(4, MATCH($B34, Attendance_data!$E$3:$BI$3, 0) + 4) & ":" & ADDRESS(1000, MATCH($B34, Attendance_data!$E$3:$BI$3, 0) + 4)), "A" ) ),"")} | U34: {=IFERROR( COUNTIFS(Attendance_data!$B$4:$B$1000,U$4, INDIRECT("Attendance_data!" & ADDRESS(4, MATCH($B34, Attendance_data!$E$3:$BI$3, 0) + 4) & ":" & ADDRESS(1000, MATCH($B34, Attendance_data!$E$3:$BI$3, 0) + 4)), "P" ) / ( COUNTIFS( Attendance_data!$B$4:$B$1000,U$4, INDIRECT("Attendance_data!" & ADDRESS(4, MATCH($B34, Attendance_data!$E$3:$BI$3, 0) + 4) & ":" & ADDRESS(1000, MATCH($B34, Attendance_data!$E$3:$BI$3, 0) + 4)), "P" ) + COUNTIFS( Attendance_data!$B$4:$B$1000,U$4, INDIRECT("Attendance_data!" & ADDRESS(4, MATCH($B34, Attendance_data!$E$3:$BI$3, 0) + 4) & ":" & ADDRESS(1000, MATCH($B34, Attendance_data!$E$3:$BI$3, 0) + 4)), "A" ) ),"")} -> 0.84 | V34: {=IFERROR( COUNTIFS(Attendance_data!$B$4:$B$1000,V$4, INDIRECT("Attendance_data!" & ADDRESS(4, MATCH($B34, Attendance_data!$E$3:$BI$3, 0) + 4) & ":" & ADDRESS(1000, MATCH($B34, Attendance_data!$E$3:$BI$3, 0) + 4)), "P" ) / ( COUNTIFS( Attendance_data!$B$4:$B$1000,V$4, INDIRECT("Attendance_data!" & ADDRESS(4, MATCH($B34, Attendance_data!$E$3:$BI$3, 0) + 4) & ":" & ADDRESS(1000, MATCH($B34, Attendance_data!$E$3:$BI$3, 0) + 4)), "P" ) + COUNTIFS( Attendance_data!$B$4:$B$1000,V$4, INDIRECT("Attendance_data!" & ADDRESS(4, MATCH($B34, Attendance_data!$E$3:$BI$3, 0) + 4) & ":" & ADDRESS(1000, MATCH($B34, Attendance_data!$E$3:$BI$3, 0) + 4)), "A" ) ),"")} -> 0.84 | W34: {=IFERROR( COUNTIFS(Attendance_data!$B$4:$B$1000,W$4, INDIRECT("Attendance_data!" & ADDRESS(4, MATCH($B34, Attendance_data!$E$3:$BI$3, 0) + 4) & ":" & ADDRESS(1000, MATCH($B34, Attendance_data!$E$3:$BI$3, 0) + 4)), "P" ) / ( COUNTIFS( Attendance_data!$B$4:$B$1000,W$4, INDIRECT("Attendance_data!" & ADDRESS(4, MATCH($B34, Attendance_data!$E$3:$BI$3, 0) + 4) & ":" & ADDRESS(1000, MATCH($B34, Attendance_data!$E$3:$BI$3, 0) + 4)), "P" ) + COUNTIFS( Attendance_data!$B$4:$B$1000,W$4, INDIRECT("Attendance_data!" & ADDRESS(4, MATCH($B34, Attendance_data!$E$3:$BI$3, 0) + 4) & ":" & ADDRESS(1000, MATCH($B34, Attendance_data!$E$3:$BI$3, 0) + 4)), "A" ) ),"")} -> 0.76 | ... AA34: {=IFERROR( COUNTIFS(Attendance_data!$B$4:$B$1000,AA$4, INDIRECT("Attendance_data!" & ADDRESS(4, MATCH($B34, Attendance_data!$E$3:$BI$3, 0) + 4) & ":" & ADDRESS(1000, MATCH($B34, Attendance_data!$E$3:$BI$3, 0) + 4)), "P" ) / ( COUNTIFS( Attendance_data!$B$4:$B$1000,AA$4, INDIRECT("Attendance_data!" & ADDRESS(4, MATCH($B34, Attendance_data!$E$3:$BI$3, 0) + 4) & ":" & ADDRESS(1000, MATCH($B34, Attendance_data!$E$3:$BI$3, 0) + 4)), "P" ) + COUNTIFS( Attendance_data!$B$4:$B$1000,AA$4, INDIRECT("Attendance_data!" & ADDRESS(4, MATCH($B34, Attendance_data!$E$3:$BI$3, 0) + 4) & ":" & ADDRESS(1000, MATCH($B34, Attendance_data!$E$3:$BI$3, 0) + 4)), "A" ) ),"")} | AB34: =AVERAGEIF(P34:Z34,">0") -> 0.70693122
A35: =ROW()-4 -> 31 | P35: {=IFERROR( COUNTIFS(Attendance_data!$B$4:$B$1000,P$4, INDIRECT("Attendance_data!" & ADDRESS(4, MATCH($B35, Attendance_data!$E$3:$BI$3, 0) + 4) & ":" & ADDRESS(1000, MATCH($B35, Attendance_data!$E$3:$BI$3, 0) + 4)), "P" ) / ( COUNTIFS( Attendance_data!$B$4:$B$1000,P$4, INDIRECT("Attendance_data!" & ADDRESS(4, MATCH($B35, Attendance_data!$E$3:$BI$3, 0) + 4) & ":" & ADDRESS(1000, MATCH($B35, Attendance_data!$E$3:$BI$3, 0) + 4)), "P" ) + COUNTIFS( Attendance_data!$B$4:$B$1000,P$4, INDIRECT("Attendance_data!" & ADDRESS(4, MATCH($B35, Attendance_data!$E$3:$BI$3, 0) + 4) & ":" & ADDRESS(1000, MATCH($B35, Attendance_data!$E$3:$BI$3, 0) + 4)), "A" ) ),"")} | Q35: {=IFERROR( COUNTIFS(Attendance_data!$B$4:$B$1000,Q$4, INDIRECT("Attendance_data!" & ADDRESS(4, MATCH($B35, Attendance_data!$E$3:$BI$3, 0) + 4) & ":" & ADDRESS(1000, MATCH($B35, Attendance_data!$E$3:$BI$3, 0) + 4)), "P" ) / ( COUNTIFS( Attendance_data!$B$4:$B$1000,Q$4, INDIRECT("Attendance_data!" & ADDRESS(4, MATCH($B35, Attendance_data!$E$3:$BI$3, 0) + 4) & ":" & ADDRESS(1000, MATCH($B35, Attendance_data!$E$3:$BI$3, 0) + 4)), "P" ) + COUNTIFS( Attendance_data!$B$4:$B$1000,Q$4, INDIRECT("Attendance_data!" & ADDRESS(4, MATCH($B35, Attendance_data!$E$3:$BI$3, 0) + 4) & ":" & ADDRESS(1000, MATCH($B35, Attendance_data!$E$3:$BI$3, 0) + 4)), "A" ) ),"")} | R35: {=IFERROR( COUNTIFS(Attendance_data!$B$4:$B$1000,R$4, INDIRECT("Attendance_data!" & ADDRESS(4, MATCH($B35, Attendance_data!$E$3:$BI$3, 0) + 4) & ":" & ADDRESS(1000, MATCH($B35, Attendance_data!$E$3:$BI$3, 0) + 4)), "P" ) / ( COUNTIFS( Attendance_data!$B$4:$B$1000,R$4, INDIRECT("Attendance_data!" & ADDRESS(4, MATCH($B35, Attendance_data!$E$3:$BI$3, 0) + 4) & ":" & ADDRESS(1000, MATCH($B35, Attendance_data!$E$3:$BI$3, 0) + 4)), "P" ) + COUNTIFS( Attendance_data!$B$4:$B$1000,R$4, INDIRECT("Attendance_data!" & ADDRESS(4, MATCH($B35, Attendance_data!$E$3:$BI$3, 0) + 4) & ":" & ADDRESS(1000, MATCH($B35, Attendance_data!$E$3:$BI$3, 0) + 4)), "A" ) ),"")} | S35: {=IFERROR( COUNTIFS(Attendance_data!$B$4:$B$1000,S$4, INDIRECT("Attendance_data!" & ADDRESS(4, MATCH($B35, Attendance_data!$E$3:$BI$3, 0) + 4) & ":" & ADDRESS(1000, MATCH($B35, Attendance_data!$E$3:$BI$3, 0) + 4)), "P" ) / ( COUNTIFS( Attendance_data!$B$4:$B$1000,S$4, INDIRECT("Attendance_data!" & ADDRESS(4, MATCH($B35, Attendance_data!$E$3:$BI$3, 0) + 4) & ":" & ADDRESS(1000, MATCH($B35, Attendance_data!$E$3:$BI$3, 0) + 4)), "P" ) + COUNTIFS( Attendance_data!$B$4:$B$1000,S$4, INDIRECT("Attendance_data!" & ADDRESS(4, MATCH($B35, Attendance_data!$E$3:$BI$3, 0) + 4) & ":" & ADDRESS(1000, MATCH($B35, Attendance_data!$E$3:$BI$3, 0) + 4)), "A" ) ),"")} | T35: {=IFERROR( COUNTIFS(Attendance_data!$B$4:$B$1000,T$4, INDIRECT("Attendance_data!" & ADDRESS(4, MATCH($B35, Attendance_data!$E$3:$BI$3, 0) + 4) & ":" & ADDRESS(1000, MATCH($B35, Attendance_data!$E$3:$BI$3, 0) + 4)), "P" ) / ( COUNTIFS( Attendance_data!$B$4:$B$1000,T$4, INDIRECT("Attendance_data!" & ADDRESS(4, MATCH($B35, Attendance_data!$E$3:$BI$3, 0) + 4) & ":" & ADDRESS(1000, MATCH($B35, Attendance_data!$E$3:$BI$3, 0) + 4)), "P" ) + COUNTIFS( Attendance_data!$B$4:$B$1000,T$4, INDIRECT("Attendance_data!" & ADDRESS(4, MATCH($B35, Attendance_data!$E$3:$BI$3, 0) + 4) & ":" & ADDRESS(1000, MATCH($B35, Attendance_data!$E$3:$BI$3, 0) + 4)), "A" ) ),"")} | U35: {=IFERROR( COUNTIFS(Attendance_data!$B$4:$B$1000,U$4, INDIRECT("Attendance_data!" & ADDRESS(4, MATCH($B35, Attendance_data!$E$3:$BI$3, 0) + 4) & ":" & ADDRESS(1000, MATCH($B35, Attendance_data!$E$3:$BI$3, 0) + 4)), "P" ) / ( COUNTIFS( Attendance_data!$B$4:$B$1000,U$4, INDIRECT("Attendance_data!" & ADDRESS(4, MATCH($B35, Attendance_data!$E$3:$BI$3, 0) + 4) & ":" & ADDRESS(1000, MATCH($B35, Attendance_data!$E$3:$BI$3, 0) + 4)), "P" ) + COUNTIFS( Attendance_data!$B$4:$B$1000,U$4, INDIRECT("Attendance_data!" & ADDRESS(4, MATCH($B35, Attendance_data!$E$3:$BI$3, 0) + 4) & ":" & ADDRESS(1000, MATCH($B35, Attendance_data!$E$3:$BI$3, 0) + 4)), "A" ) ),"")} | V35: {=IFERROR( COUNTIFS(Attendance_data!$B$4:$B$1000,V$4, INDIRECT("Attendance_data!" & ADDRESS(4, MATCH($B35, Attendance_data!$E$3:$BI$3, 0) + 4) & ":" & ADDRESS(1000, MATCH($B35, Attendance_data!$E$3:$BI$3, 0) + 4)), "P" ) / ( COUNTIFS( Attendance_data!$B$4:$B$1000,V$4, INDIRECT("Attendance_data!" & ADDRESS(4, MATCH($B35, Attendance_data!$E$3:$BI$3, 0) + 4) & ":" & ADDRESS(1000, MATCH($B35, Attendance_data!$E$3:$BI$3, 0) + 4)), "P" ) + COUNTIFS( Attendance_data!$B$4:$B$1000,V$4, INDIRECT("Attendance_data!" & ADDRESS(4, MATCH($B35, Attendance_data!$E$3:$BI$3, 0) + 4) & ":" & ADDRESS(1000, MATCH($B35, Attendance_data!$E$3:$BI$3, 0) + 4)), "A" ) ),"")} | W35: {=IFERROR( COUNTIFS(Attendance_data!$B$4:$B$1000,W$4, INDIRECT("Attendance_data!" & ADDRESS(4, MATCH($B35, Attendance_data!$E$3:$BI$3, 0) + 4) & ":" & ADDRESS(1000, MATCH($B35, Attendance_data!$E$3:$BI$3, 0) + 4)), "P" ) / ( COUNTIFS( Attendance_data!$B$4:$B$1000,W$4, INDIRECT("Attendance_data!" & ADDRESS(4, MATCH($B35, Attendance_data!$E$3:$BI$3, 0) + 4) & ":" & ADDRESS(1000, MATCH($B35, Attendance_data!$E$3:$BI$3, 0) + 4)), "P" ) + COUNTIFS( Attendance_data!$B$4:$B$1000,W$4, INDIRECT("Attendance_data!" & ADDRESS(4, MATCH($B35, Attendance_data!$E$3:$BI$3, 0) + 4) & ":" & ADDRESS(1000, MATCH($B35, Attendance_data!$E$3:$BI$3, 0) + 4)), "A" ) ),"")} | ... AA35: {=IFERROR( COUNTIFS(Attendance_data!$B$4:$B$1000,AA$4, INDIRECT("Attendance_data!" & ADDRESS(4, MATCH($B35, Attendance_data!$E$3:$BI$3, 0) + 4) & ":" & ADDRESS(1000, MATCH($B35, Attendance_data!$E$3:$BI$3, 0) + 4)), "P" ) / ( COUNTIFS( Attendance_data!$B$4:$B$1000,AA$4, INDIRECT("Attendance_data!" & ADDRESS(4, MATCH($B35, Attendance_data!$E$3:$BI$3, 0) + 4) & ":" & ADDRESS(1000, MATCH($B35, Attendance_data!$E$3:$BI$3, 0) + 4)), "P" ) + COUNTIFS( Attendance_data!$B$4:$B$1000,AA$4, INDIRECT("Attendance_data!" & ADDRESS(4, MATCH($B35, Attendance_data!$E$3:$BI$3, 0) + 4) & ":" & ADDRESS(1000, MATCH($B35, Attendance_data!$E$3:$BI$3, 0) + 4)), "A" ) ),"")} | AB35: =AVERAGEIF(P35:Z35,">0") -> #DIV/0!
A36: =ROW()-4 -> 32 | P36: {=IFERROR( COUNTIFS(Attendance_data!$B$4:$B$1000,P$4, INDIRECT("Attendance_data!" & ADDRESS(4, MATCH($B36, Attendance_data!$E$3:$BI$3, 0) + 4) & ":" & ADDRESS(1000, MATCH($B36, Attendance_data!$E$3:$BI$3, 0) + 4)), "P" ) / ( COUNTIFS( Attendance_data!$B$4:$B$1000,P$4, INDIRECT("Attendance_data!" & ADDRESS(4, MATCH($B36, Attendance_data!$E$3:$BI$3, 0) + 4) & ":" & ADDRESS(1000, MATCH($B36, Attendance_data!$E$3:$BI$3, 0) + 4)), "P" ) + COUNTIFS( Attendance_data!$B$4:$B$1000,P$4, INDIRECT("Attendance_data!" & ADDRESS(4, MATCH($B36, Attendance_data!$E$3:$BI$3, 0) + 4) & ":" & ADDRESS(1000, MATCH($B36, Attendance_data!$E$3:$BI$3, 0) + 4)), "A" ) ),"")} | Q36: {=IFERROR( COUNTIFS(Attendance_data!$B$4:$B$1000,Q$4, INDIRECT("Attendance_data!" & ADDRESS(4, MATCH($B36, Attendance_data!$E$3:$BI$3, 0) + 4) & ":" & ADDRESS(1000, MATCH($B36, Attendance_data!$E$3:$BI$3, 0) + 4)), "P" ) / ( COUNTIFS( Attendance_data!$B$4:$B$1000,Q$4, INDIRECT("Attendance_data!" & ADDRESS(4, MATCH($B36, Attendance_data!$E$3:$BI$3, 0) + 4) & ":" & ADDRESS(1000, MATCH($B36, Attendance_data!$E$3:$BI$3, 0) + 4)), "P" ) + COUNTIFS( Attendance_data!$B$4:$B$1000,Q$4, INDIRECT("Attendance_data!" & ADDRESS(4, MATCH($B36, Attendance_data!$E$3:$BI$3, 0) + 4) & ":" & ADDRESS(1000, MATCH($B36, Attendance_data!$E$3:$BI$3, 0) + 4)), "A" ) ),"")} | R36: {=IFERROR( COUNTIFS(Attendance_data!$B$4:$B$1000,R$4, INDIRECT("Attendance_data!" & ADDRESS(4, MATCH($B36, Attendance_data!$E$3:$BI$3, 0) + 4) & ":" & ADDRESS(1000, MATCH($B36, Attendance_data!$E$3:$BI$3, 0) + 4)), "P" ) / ( COUNTIFS( Attendance_data!$B$4:$B$1000,R$4, INDIRECT("Attendance_data!" & ADDRESS(4, MATCH($B36, Attendance_data!$E$3:$BI$3, 0) + 4) & ":" & ADDRESS(1000, MATCH($B36, Attendance_data!$E$3:$BI$3, 0) + 4)), "P" ) + COUNTIFS( Attendance_data!$B$4:$B$1000,R$4, INDIRECT("Attendance_data!" & ADDRESS(4, MATCH($B36, Attendance_data!$E$3:$BI$3, 0) + 4) & ":" & ADDRESS(1000, MATCH($B36, Attendance_data!$E$3:$BI$3, 0) + 4)), "A" ) ),"")} | S36: {=IFERROR( COUNTIFS(Attendance_data!$B$4:$B$1000,S$4, INDIRECT("Attendance_data!" & ADDRESS(4, MATCH($B36, Attendance_data!$E$3:$BI$3, 0) + 4) & ":" & ADDRESS(1000, MATCH($B36, Attendance_data!$E$3:$BI$3, 0) + 4)), "P" ) / ( COUNTIFS( Attendance_data!$B$4:$B$1000,S$4, INDIRECT("Attendance_data!" & ADDRESS(4, MATCH($B36, Attendance_data!$E$3:$BI$3, 0) + 4) & ":" & ADDRESS(1000, MATCH($B36, Attendance_data!$E$3:$BI$3, 0) + 4)), "P" ) + COUNTIFS( Attendance_data!$B$4:$B$1000,S$4, INDIRECT("Attendance_data!" & ADDRESS(4, MATCH($B36, Attendance_data!$E$3:$BI$3, 0) + 4) & ":" & ADDRESS(1000, MATCH($B36, Attendance_data!$E$3:$BI$3, 0) + 4)), "A" ) ),"")} | T36: {=IFERROR( COUNTIFS(Attendance_data!$B$4:$B$1000,T$4, INDIRECT("Attendance_data!" & ADDRESS(4, MATCH($B36, Attendance_data!$E$3:$BI$3, 0) + 4) & ":" & ADDRESS(1000, MATCH($B36, Attendance_data!$E$3:$BI$3, 0) + 4)), "P" ) / ( COUNTIFS( Attendance_data!$B$4:$B$1000,T$4, INDIRECT("Attendance_data!" & ADDRESS(4, MATCH($B36, Attendance_data!$E$3:$BI$3, 0) + 4) & ":" & ADDRESS(1000, MATCH($B36, Attendance_data!$E$3:$BI$3, 0) + 4)), "P" ) + COUNTIFS( Attendance_data!$B$4:$B$1000,T$4, INDIRECT("Attendance_data!" & ADDRESS(4, MATCH($B36, Attendance_data!$E$3:$BI$3, 0) + 4) & ":" & ADDRESS(1000, MATCH($B36, Attendance_data!$E$3:$BI$3, 0) + 4)), "A" ) ),"")} | U36: {=IFERROR( COUNTIFS(Attendance_data!$B$4:$B$1000,U$4, INDIRECT("Attendance_data!" & ADDRESS(4, MATCH($B36, Attendance_data!$E$3:$BI$3, 0) + 4) & ":" & ADDRESS(1000, MATCH($B36, Attendance_data!$E$3:$BI$3, 0) + 4)), "P" ) / ( COUNTIFS( Attendance_data!$B$4:$B$1000,U$4, INDIRECT("Attendance_data!" & ADDRESS(4, MATCH($B36, Attendance_data!$E$3:$BI$3, 0) + 4) & ":" & ADDRESS(1000, MATCH($B36, Attendance_data!$E$3:$BI$3, 0) + 4)), "P" ) + COUNTIFS( Attendance_data!$B$4:$B$1000,U$4, INDIRECT("Attendance_data!" & ADDRESS(4, MATCH($B36, Attendance_data!$E$3:$BI$3, 0) + 4) & ":" & ADDRESS(1000, MATCH($B36, Attendance_data!$E$3:$BI$3, 0) + 4)), "A" ) ),"")} | V36: {=IFERROR( COUNTIFS(Attendance_data!$B$4:$B$1000,V$4, INDIRECT("Attendance_data!" & ADDRESS(4, MATCH($B36, Attendance_data!$E$3:$BI$3, 0) + 4) & ":" & ADDRESS(1000, MATCH($B36, Attendance_data!$E$3:$BI$3, 0) + 4)), "P" ) / ( COUNTIFS( Attendance_data!$B$4:$B$1000,V$4, INDIRECT("Attendance_data!" & ADDRESS(4, MATCH($B36, Attendance_data!$E$3:$BI$3, 0) + 4) & ":" & ADDRESS(1000, MATCH($B36, Attendance_data!$E$3:$BI$3, 0) + 4)), "P" ) + COUNTIFS( Attendance_data!$B$4:$B$1000,V$4, INDIRECT("Attendance_data!" & ADDRESS(4, MATCH($B36, Attendance_data!$E$3:$BI$3, 0) + 4) & ":" & ADDRESS(1000, MATCH($B36, Attendance_data!$E$3:$BI$3, 0) + 4)), "A" ) ),"")} | W36: {=IFERROR( COUNTIFS(Attendance_data!$B$4:$B$1000,W$4, INDIRECT("Attendance_data!" & ADDRESS(4, MATCH($B36, Attendance_data!$E$3:$BI$3, 0) + 4) & ":" & ADDRESS(1000, MATCH($B36, Attendance_data!$E$3:$BI$3, 0) + 4)), "P" ) / ( COUNTIFS( Attendance_data!$B$4:$B$1000,W$4, INDIRECT("Attendance_data!" & ADDRESS(4, MATCH($B36, Attendance_data!$E$3:$BI$3, 0) + 4) & ":" & ADDRESS(1000, MATCH($B36, Attendance_data!$E$3:$BI$3, 0) + 4)), "P" ) + COUNTIFS( Attendance_data!$B$4:$B$1000,W$4, INDIRECT("Attendance_data!" & ADDRESS(4, MATCH($B36, Attendance_data!$E$3:$BI$3, 0) + 4) & ":" & ADDRESS(1000, MATCH($B36, Attendance_data!$E$3:$BI$3, 0) + 4)), "A" ) ),"")} | ... AA36: {=IFERROR( COUNTIFS(Attendance_data!$B$4:$B$1000,AA$4, INDIRECT("Attendance_data!" & ADDRESS(4, MATCH($B36, Attendance_data!$E$3:$BI$3, 0) + 4) & ":" & ADDRESS(1000, MATCH($B36, Attendance_data!$E$3:$BI$3, 0) + 4)), "P" ) / ( COUNTIFS( Attendance_data!$B$4:$B$1000,AA$4, INDIRECT("Attendance_data!" & ADDRESS(4, MATCH($B36, Attendance_data!$E$3:$BI$3, 0) + 4) & ":" & ADDRESS(1000, MATCH($B36, Attendance_data!$E$3:$BI$3, 0) + 4)), "P" ) + COUNTIFS( Attendance_data!$B$4:$B$1000,AA$4, INDIRECT("Attendance_data!" & ADDRESS(4, MATCH($B36, Attendance_data!$E$3:$BI$3, 0) + 4) & ":" & ADDRESS(1000, MATCH($B36, Attendance_data!$E$3:$BI$3, 0) + 4)), "A" ) ),"")} | AB36: =AVERAGEIF(P36:Z36,">0") -> #DIV/0!
A37: =ROW()-4 -> 33 | J37: =AVERAGEif(J5:J34,">0")/30 -> 0.72692308 | K37: =AVERAGEif(K5:K34,">0")/30 -> 0.79487179 | L37: =AVERAGEif(L5:L34,">0")/30 -> 0.824 | M37: =AVERAGEif(M5:M34,">0")/30 -> 0.74022989 | N37: =AVERAGEif(N5:N34,">0")/30 -> 0.77931034 | O37: =AVERAGEif(O5:O34,">0")/30 -> 0.69637681 | P37: {=IFERROR( COUNTIFS(Attendance_data!$B$4:$B$1000,P$4, INDIRECT("Attendance_data!" & ADDRESS(4, MATCH($B37, Attendance_data!$E$3:$BI$3, 0) + 4) & ":" & ADDRESS(1000, MATCH($B37, Attendance_data!$E$3:$BI$3, 0) + 4)), "P" ) / ( COUNTIFS( Attendance_data!$B$4:$B$1000,P$4, INDIRECT("Attendance_data!" & ADDRESS(4, MATCH($B37, Attendance_data!$E$3:$BI$3, 0) + 4) & ":" & ADDRESS(1000, MATCH($B37, Attendance_data!$E$3:$BI$3, 0) + 4)), "P" ) + COUNTIFS( Attendance_data!$B$4:$B$1000,P$4, INDIRECT("Attendance_data!" & ADDRESS(4, MATCH($B37, Attendance_data!$E$3:$BI$3, 0) + 4) & ":" & ADDRESS(1000, MATCH($B37, Attendance_data!$E$3:$BI$3, 0) + 4)), "A" ) ),"")} | Q37: {=IFERROR( COUNTIFS(Attendance_data!$B$4:$B$1000,Q$4, INDIRECT("Attendance_data!" & ADDRESS(4, MATCH($B37, Attendance_data!$E$3:$BI$3, 0) + 4) & ":" & ADDRESS(1000, MATCH($B37, Attendance_data!$E$3:$BI$3, 0) + 4)), "P" ) / ( COUNTIFS( Attendance_data!$B$4:$B$1000,Q$4, INDIRECT("Attendance_data!" & ADDRESS(4, MATCH($B37, Attendance_data!$E$3:$BI$3, 0) + 4) & ":" & ADDRESS(1000, MATCH($B37, Attendance_data!$E$3:$BI$3, 0) + 4)), "P" ) + COUNTIFS( Attendance_data!$B$4:$B$1000,Q$4, INDIRECT("Attendance_data!" & ADDRESS(4, MATCH($B37, Attendance_data!$E$3:$BI$3, 0) + 4) & ":" & ADDRESS(1000, MATCH($B37, Attendance_data!$E$3:$BI$3, 0) + 4)), "A" ) ),"")} | R37: {=IFERROR( COUNTIFS(Attendance_data!$B$4:$B$1000,R$4, INDIRECT("Attendance_data!" & ADDRESS(4, MATCH($B37, Attendance_data!$E$3:$BI$3, 0) + 4) & ":" & ADDRESS(1000, MATCH($B37, Attendance_data!$E$3:$BI$3, 0) + 4)), "P" ) / ( COUNTIFS( Attendance_data!$B$4:$B$1000,R$4, INDIRECT("Attendance_data!" & ADDRESS(4, MATCH($B37, Attendance_data!$E$3:$BI$3, 0) + 4) & ":" & ADDRESS(1000, MATCH($B37, Attendance_data!$E$3:$BI$3, 0) + 4)), "P" ) + COUNTIFS( Attendance_data!$B$4:$B$1000,R$4, INDIRECT("Attendance_data!" & ADDRESS(4, MATCH($B37, Attendance_data!$E$3:$BI$3, 0) + 4) & ":" & ADDRESS(1000, MATCH($B37, Attendance_data!$E$3:$BI$3, 0) + 4)), "A" ) ),"")} | S37: {=IFERROR( COUNTIFS(Attendance_data!$B$4:$B$1000,S$4, INDIRECT("Attendance_data!" & ADDRESS(4, MATCH($B37, Attendance_data!$E$3:$BI$3, 0) + 4) & ":" & ADDRESS(1000, MATCH($B37, Attendance_data!$E$3:$BI$3, 0) + 4)), "P" ) / ( COUNTIFS( Attendance_data!$B$4:$B$1000,S$4, INDIRECT("Attendance_data!" & ADDRESS(4, MATCH($B37, Attendance_data!$E$3:$BI$3, 0) + 4) & ":" & ADDRESS(1000, MATCH($B37, Attendance_data!$E$3:$BI$3, 0) + 4)), "P" ) + COUNTIFS( Attendance_data!$B$4:$B$1000,S$4, INDIRECT("Attendance_data!" & ADDRESS(4, MATCH($B37, Attendance_data!$E$3:$BI$3, 0) + 4) & ":" & ADDRESS(1000, MATCH($B37, Attendance_data!$E$3:$BI$3, 0) + 4)), "A" ) ),"")} | T37: {=IFERROR( COUNTIFS(Attendance_data!$B$4:$B$1000,T$4, INDIRECT("Attendance_data!" & ADDRESS(4, MATCH($B37, Attendance_data!$E$3:$BI$3, 0) + 4) & ":" & ADDRESS(1000, MATCH($B37, Attendance_data!$E$3:$BI$3, 0) + 4)), "P" ) / ( COUNTIFS( Attendance_data!$B$4:$B$1000,T$4, INDIRECT("Attendance_data!" & ADDRESS(4, MATCH($B37, Attendance_data!$E$3:$BI$3, 0) + 4) & ":" & ADDRESS(1000, MATCH($B37, Attendance_data!$E$3:$BI$3, 0) + 4)), "P" ) + COUNTIFS( Attendance_data!$B$4:$B$1000,T$4, INDIRECT("Attendance_data!" & ADDRESS(4, MATCH($B37, Attendance_data!$E$3:$BI$3, 0) + 4) & ":" & ADDRESS(1000, MATCH($B37, Attendance_data!$E$3:$BI$3, 0) + 4)), "A" ) ),"")} | U37: {=IFERROR( COUNTIFS(Attendance_data!$B$4:$B$1000,U$4, INDIRECT("Attendance_data!" & ADDRESS(4, MATCH($B37, Attendance_data!$E$3:$BI$3, 0) + 4) & ":" & ADDRESS(1000, MATCH($B37, Attendance_data!$E$3:$BI$3, 0) + 4)), "P" ) / ( COUNTIFS( Attendance_data!$B$4:$B$1000,U$4, INDIRECT("Attendance_data!" & ADDRESS(4, MATCH($B37, Attendance_data!$E$3:$BI$3, 0) + 4) & ":" & ADDRESS(1000, MATCH($B37, Attendance_data!$E$3:$BI$3, 0) + 4)), "P" ) + COUNTIFS( Attendance_data!$B$4:$B$1000,U$4, INDIRECT("Attendance_data!" & ADDRESS(4, MATCH($B37, Attendance_data!$E$3:$BI$3, 0) + 4) & ":" & ADDRESS(1000, MATCH($B37, Attendance_data!$E$3:$BI$3, 0) + 4)), "A" ) ),"")} | V37: {=IFERROR( COUNTIFS(Attendance_data!$B$4:$B$1000,V$4, INDIRECT("Attendance_data!" & ADDRESS(4, MATCH($B37, Attendance_data!$E$3:$BI$3, 0) + 4) & ":" & ADDRESS(1000, MATCH($B37, Attendance_data!$E$3:$BI$3, 0) + 4)), "P" ) / ( COUNTIFS( Attendance_data!$B$4:$B$1000,V$4, INDIRECT("Attendance_data!" & ADDRESS(4, MATCH($B37, Attendance_data!$E$3:$BI$3, 0) + 4) & ":" & ADDRESS(1000, MATCH($B37, Attendance_data!$E$3:$BI$3, 0) + 4)), "P" ) + COUNTIFS( Attendance_data!$B$4:$B$1000,V$4, INDIRECT("Attendance_data!" & ADDRESS(4, MATCH($B37, Attendance_data!$E$3:$BI$3, 0) + 4) & ":" & ADDRESS(1000, MATCH($B37, Attendance_data!$E$3:$BI$3, 0) + 4)), "A" ) ),"")} | W37: {=IFERROR( COUNTIFS(Attendance_data!$B$4:$B$1000,W$4, INDIRECT("Attendance_data!" & ADDRESS(4, MATCH($B37, Attendance_data!$E$3:$BI$3, 0) + 4) & ":" & ADDRESS(1000, MATCH($B37, Attendance_data!$E$3:$BI$3, 0) + 4)), "P" ) / ( COUNTIFS( Attendance_data!$B$4:$B$1000,W$4, INDIRECT("Attendance_data!" & ADDRESS(4, MATCH($B37, Attendance_data!$E$3:$BI$3, 0) + 4) & ":" & ADDRESS(1000, MATCH($B37, Attendance_data!$E$3:$BI$3, 0) + 4)), "P" ) + COUNTIFS( Attendance_data!$B$4:$B$1000,W$4, INDIRECT("Attendance_data!" & ADDRESS(4, MATCH($B37, Attendance_data!$E$3:$BI$3, 0) + 4) & ":" & ADDRESS(1000, MATCH($B37, Attendance_data!$E$3:$BI$3, 0) + 4)), "A" ) ),"")} | ... AA37: {=IFERROR( COUNTIFS(Attendance_data!$B$4:$B$1000,AA$4, INDIRECT("Attendance_data!" & ADDRESS(4, MATCH($B37, Attendance_data!$E$3:$BI$3, 0) + 4) & ":" & ADDRESS(1000, MATCH($B37, Attendance_data!$E$3:$BI$3, 0) + 4)), "P" ) / ( COUNTIFS( Attendance_data!$B$4:$B$1000,AA$4, INDIRECT("Attendance_data!" & ADDRESS(4, MATCH($B37, Attendance_data!$E$3:$BI$3, 0) + 4) & ":" & ADDRESS(1000, MATCH($B37, Attendance_data!$E$3:$BI$3, 0) + 4)), "P" ) + COUNTIFS( Attendance_data!$B$4:$B$1000,AA$4, INDIRECT("Attendance_data!" & ADDRESS(4, MATCH($B37, Attendance_data!$E$3:$BI$3, 0) + 4) & ":" & ADDRESS(1000, MATCH($B37, Attendance_data!$E$3:$BI$3, 0) + 4)), "A" ) ),"")} | AB37: =AVERAGEIF(P37:Z37,">0") -> #DIV/0!
